ticker,company,price_usd,price_as_of,market_cap_usd,shares_outstanding,revenue_usd,ebitda_usd,net_income_usd,total_debt_usd,cash_usd,net_debt_usd,fiscal_year,financial_source,notes
010130,"Korea Zinc Co., Ltd.",781.2,2026-09-22,,,,,,,,,2025,Yahoo Finance quote (2026-09-22),price 1116000.0 KRW converted at 0.0007 USD/KRW; report not obtained; market cap not computed: shares outstanding undisclosed
1818,Zhaojin Mining Industry Company Limited,2.3384,2026-09-25,8283355149.0,3542393204,2690277099.0,,661522601.0,1753086171.0,271912037.0,1481174134.0,2025,Yahoo Finance quote (2026-09-25) + FY2025 zhaojin-2025-annual-report.pdf,"price 18.34 HKD converted at 0.1275 USD/HKD; statements in CNY; FX 0.149 USD/CNY (Yahoo CNYUSD=X=0.149, 2026-09-25); debt: sum of debt line items: Interest-bearing bank and other borrowings 7,601,7; NON-CURRENT LIABILITIES Interest-bearing bank and; Lease liabilities 50,449 58,479; market cap computed as price x shares outstanding"
2259,Zijin Gold International Company Limited,18.2452,2026-09-25,,,5383480000.0,,1872467000.0,724693000.0,105672000.0,619021000.0,2025,Yahoo Finance quote (2026-09-25) + FY2025 zijin-gold-international-2025-results.pdf,"price 143.1 HKD converted at 0.1275 USD/HKD; debt: sum of debt line items: Convertible debentures 70,859; Interest-bearing bank and other borrowings 158,070; Lease liabilities 21,660 18,987; NON-CURRENT LIABILITIES Interest-bearing bank and; Lease liabilities 50,655 32,270; market cap not computed: shares outstanding undisclosed"
340,Tongguan Gold Group Limited,0.3258,2026-09-25,1432603212.0,4397692221,131163968.0,,44686710.0,2240168115.0,99494498.0,2140673618.0,2025,Yahoo Finance quote (2026-09-25) + H1 FY2025 tongguan-2025-interim.pdf,"price 2.555 HKD converted at 0.1275 USD/HKD; statements in HKD; FX 0.1275 USD/HKD (Yahoo HKDUSD=X=0.1275, 2026-09-25); debt: sum of debt line items: Bank and other borrowings 17534,711 498,199; Lease liabilities 957 1,227; Non-current liabilities Bank and other borrowings; Lease liabilities 1,270 1,754; market cap computed as price x shares outstanding"
3939,Wanguo Gold Group Limited,1.7404,2026-09-25,,,471018800.0,,222993698.0,19618681.0,492892.0,19125789.0,2025,Yahoo Finance quote (2026-09-25) + FY2025 wanguo-2025-annual-report.pdf,"price 13.65 HKD converted at 0.1275 USD/HKD; statements in CNY; FX 0.149 USD/CNY (Yahoo CNYUSD=X=0.149, 2026-09-25); debt: sum of debt line items: Lease liabilities 1,094 761; Bank borrowings 72,551 183,062; Non-current liabilities Bank borrowings 56,000 77,; Lease liabilities 2,024 2,283; market cap not computed: shares outstanding undisclosed"
6693,"Chifeng Jilong Gold Mining Co., Ltd.",4.5466,2026-09-25,,,,1883137428.0,513660807.0,7587934518.0,1016287364.0,6571647154.0,2025,Yahoo Finance quote (2026-09-25) + FY2025 chifeng-2025-annual-report.pdf,"price 35.66 HKD converted at 0.1275 USD/HKD; statements in CNY; FX 0.149 USD/CNY (Yahoo CNYUSD=X=0.149, 2026-09-25); EBITDA figure is operating income (EBITDA undisclosed); debt: sum of debt line items: Short-term borrowings 20707,600,631.31 1,108,199,1; Long-term borrowings 69,617,398.59599,502,985.86; Lease liabilities 30148,516,989.79179,596,024.47; market cap not computed: shares outstanding undisclosed"
8299,GT Gold Holdings Limited,0.0344,2026-09-25,,,250684635.0,24543750.0,18395828.0,3348341122.0,2948246888.0,400094235.0,2026,Yahoo Finance quote (2026-09-25) + FY2026 gtgold-2025-26-annual-report.pdf,"price 0.27 HKD converted at 0.1275 USD/HKD; statements in HKD; FX 0.1275 USD/HKD (Yahoo HKDUSD=X=0.1275, 2026-09-25); EBITDA figure is operating income (EBITDA undisclosed); debt: sum of debt line items: Current liabilities 流動負債 Lease liabilities 租賃負債 24; Lease liabilities 租賃負債 180; Borrowings 借貸 26237,070 225,998; market cap not computed: shares outstanding undisclosed"
AAG,Aftermath Silver Ltd.,0.4738,2026-09-25,,,,,,,,,2025,Yahoo Finance quote (2026-09-25) + FY2025 aag.txt,price 0.67 CAD converted at 0.7071 USD/CAD; market cap not computed: shares outstanding undisclosed
AAUC,Allied Gold Corporation,22.309,2026-09-25,,,1331824000.0,138600000.0,3307000.0,169774000.0,479777000.0,-310003000.0,2025,Yahoo Finance quote (2026-09-25) + FY2025 allied-gold-2025-q4-results.pdf,"price 31.55 CAD converted at 0.7071 USD/CAD; EBITDA figure is Adjusted EBITDA; debt: sum of debt line items: Borrowings 154,312 96,356; Lease obligations 2,999 2,877; Lease obligations 12,463 12,886; market cap not computed: shares outstanding undisclosed"
ABRA,AbraSilver Resource Corp.,8.959,2026-09-25,,,,,,,,,2025,Yahoo Finance quote (2026-09-25) + FY2025 abra-2025-mda.pdf,price 12.67 CAD converted at 0.7071 USD/CAD; no financial statements found; market cap not computed: shares outstanding undisclosed
AEM,Agnico Eagle Mines Limited,194.48,2026-09-25,97389438432.0,500768400,11907851000.0,8440400000.0,4461461000.0,411470000.0,2866053000.0,-2454583000.0,2025,Yahoo Finance quote (2026-09-25) + FY2025 agnico-2025-annual-report.pdf,"EBITDA figure is EBITDA; debt: sum of debt line items: Current portion of long-term debt 90,000; Lease obligations 30,480 40,305; Long-term debt 196,271 1,052,956; Lease obligations 94,719 98,921; market cap computed as price x shares outstanding"
AG,First Majestic Silver Corp.,19.01,2026-09-25,9385705596.0,493724650,1257157000.0,686100000.0,210975000.0,17010000.0,793435000.0,-776425000.0,2025,Yahoo Finance quote (2026-09-25) + FY2025 firstmajestic-2025-40f.txt,"EBITDA figure is EBITDA; debt: sum of debt line items: Current portion of debt facilities 487 825; Current portion of lease liabilities 10,792 16,215; Lease liabilities 5,731 11,320; market cap computed as price x shares outstanding"
AGI,Alamos Gold Inc.,34.5,2026-09-25,,,,,,23000000.0,623100000.0,-600100000.0,2025,Yahoo Finance quote (2026-09-25) + FY2025 alamos-2025-40f.txt,debt: sum of debt line items: Current portion of lease liabilities 11.8 15.2; Lease liabilities 11.2 21.4; market cap not computed: shares outstanding undisclosed
AGMR,Silver Mountain Resources Inc.,2.8001,2026-09-25,,,,,,108390.0,34075413.0,-33967023.0,2025,Yahoo Finance quote (2026-09-25) + FY2025 agmr-2025-financials.pdf,"price 3.96 CAD converted at 0.7071 USD/CAD; debt: sum of debt line items: Current portion of lease liability 60,307 0; Lease liability 48,083 0; market cap not computed: shares outstanding undisclosed"
ALK,Alkane Resources Ltd,1.332,2026-09-24,,,184414250.0,,23225925.0,41698840.0,33801758.0,7897082.0,2025,Yahoo Finance quote (2026-09-24) + FY2025 alk-2025.txt,"price 1.895 AUD converted at 0.7029 USD/AUD; statements in AUD; FX 0.7029 USD/AUD (Yahoo AUDUSD=X=0.7029, 2026-09-25); debt: sum of debt line items: External borrowings 33,315 16,144; Non-current liabilities External borrowings 26,009; market cap not computed: shares outstanding undisclosed"
ALS.TO,Altius Minerals Corporation,47.2201,2026-09-25,,,,,,,,,2025,Yahoo Finance quote (2026-09-25),price 66.78 CAD converted at 0.7071 USD/CAD; no PDF or text file in report folder; market cap not computed: shares outstanding undisclosed
AMI,Aurelia Metals Limited,0.369,2026-09-24,,,,,,,,,2026,Yahoo Finance quote (2026-09-24),price 0.525 AUD converted at 0.7029 USD/AUD; report not obtained; market cap not computed: shares outstanding undisclosed
AMMN,PT Amman Mineral Internasional Tbk,0.472,2026-09-25,,,,,,,,,2025,Yahoo Finance quote (2026-09-25) + FY2025 ammn-fy2025.txt,price 4720.0 IDR converted at 0.0001 USD/IDR; no financial statements found; market cap not computed: shares outstanding undisclosed
APM,Andean Precious Metals Corp.,4.3133,2026-09-25,,,,,,,,,2025,Yahoo Finance quote (2026-09-25) + FY2025 andean-2025-aif.txt,price 6.1 CAD converted at 0.7071 USD/CAD; no financial statements found; market cap not computed: shares outstanding undisclosed
APX,"Apex Mining Co., Inc.",,,,,,,,,,,2025,,no Yahoo quote (PSE:APX.PS not returned); no financial statements found
ARCI,PT Archi Indonesia Tbk,0.13,2026-09-25,,,,,,,,,2025,Yahoo Finance quote (2026-09-25) + FY2025 mandiri-arci.txt,price 1300.0 IDR converted at 0.0001 USD/IDR; no financial statements found; market cap not computed: shares outstanding undisclosed
ARIS,Aris Mining Corporation,18.9503,2026-09-25,,,,,,,,,2025,Yahoo Finance quote (2026-09-25) + FY2025 aris-mda-q4-2025.pdf,price 26.8 CAD converted at 0.7071 USD/CAD; no financial statements found; market cap not computed: shares outstanding undisclosed
ARTG,Artemis Gold Inc.,28.4254,2026-09-25,,,,,,,,,2025,Yahoo Finance quote (2026-09-25) + FY2025 artemis-mda-2025.pdf,price 40.2 CAD converted at 0.7071 USD/CAD; no financial statements found; market cap not computed: shares outstanding undisclosed
ASE,Asante Gold Corporation,,,,,,,,,31.0,,2025,FY2025 asante-2025-mda.txt (no market quote),no Yahoo coverage (CSE:ASE)
ASL,Andean Silver Limited,1.339,2026-09-24,,,,,,,,,2025,Yahoo Finance quote (2026-09-24),price 1.905 AUD converted at 0.7029 USD/AUD; report not obtained; market cap not computed: shares outstanding undisclosed
ASM,Avino Silver & Gold Mines Ltd.,5.94,2026-09-25,,,,,,,,,2025,Yahoo Finance quote (2026-09-25) + FY2025 avino-2025-annual-report.pdf,no financial statements found; market cap not computed: shares outstanding undisclosed
AU,AngloGold Ashanti plc,99.03,2026-09-25,,,,,,,,,2025,Yahoo Finance quote (2026-09-25) + FY2025 anglogold-2025-20f.txt,no financial statements found; market cap not computed: shares outstanding undisclosed
AUC,AusGold Limited,0.9243,2026-09-24,,,,,,,,,2026,Yahoo Finance quote (2026-09-24),price 1.315 AUD converted at 0.7029 USD/AUD; report not obtained; market cap not computed: shares outstanding undisclosed
AUGO,Aura Minerals Inc.,83.57,2026-09-25,,,,,,,,,2025,Yahoo Finance quote (2026-09-25) + FY2025 aura-20f-2025.txt,no financial statements found; market cap not computed: shares outstanding undisclosed
AUXX,Gold X2 Mining Inc.,5.374,2026-09-25,,,,,,,,,2025,Yahoo Finance quote (2026-09-25),price 7.6 CAD converted at 0.7071 USD/CAD; report not obtained; market cap not computed: shares outstanding undisclosed
AYA,Aya Gold & Silver Inc.,28.5244,2026-09-25,,,,,,,,,2025,Yahoo Finance quote (2026-09-25) + FY2025 aya-2025-mda.txt,price 40.34 CAD converted at 0.7071 USD/CAD; no financial statements found; market cap not computed: shares outstanding undisclosed
AZY,Antipa Minerals Limited,0.3936,2026-09-24,,,,,,,,,2026,Yahoo Finance quote (2026-09-24),price 0.56 AUD converted at 0.7029 USD/AUD; report not obtained; market cap not computed: shares outstanding undisclosed
B,Barrick Mining Corporation,42.88,2026-09-25,,,16956000000.0,1439000000.0,7154000000.0,,6706000000.0,,2025,Yahoo Finance quote (2026-09-25) + FY2025 barrick-2025-annual-report.pdf,EBITDA figure is EBITDA; market cap not computed: shares outstanding undisclosed
BC8,Black Cat Syndicate Limited,0.7064,2026-09-24,,,,,,,,,2026,Yahoo Finance quote (2026-09-24),price 1.005 AUD converted at 0.7029 USD/AUD; report not obtained; market cap not computed: shares outstanding undisclosed
BGL,Bellevue Gold Limited,1.1211,2026-09-24,,,,,,,,,2026,Yahoo Finance quote (2026-09-24),price 1.595 AUD converted at 0.7029 USD/AUD; report not obtained; market cap not computed: shares outstanding undisclosed
BMC,BMC Minerals Ltd.,2.0173,2026-09-24,,,,,,,,,2026,Yahoo Finance quote (2026-09-24) + FY2026 bmc-q4-2026-quarterly.pdf,price 2.87 AUD converted at 0.7029 USD/AUD; no financial statements found; market cap not computed: shares outstanding undisclosed
BNKR,Bunker Hill Mining Corp.,2.93,2026-09-25,,,,,,,,,2025,Yahoo Finance quote (2026-09-25) + FY2025 bnkr-2025-10k.txt,no financial statements found; market cap not computed: shares outstanding undisclosed
BNZ,Benz Mining Corp,3.7957,2026-09-24,,,,,,,,,2026,Yahoo Finance quote (2026-09-24),price 5.4 AUD converted at 0.7029 USD/AUD; report not obtained; market cap not computed: shares outstanding undisclosed
BOL,Boliden AB (publ),52.5689,2026-09-25,,,,,,,,,2025,Yahoo Finance quote (2026-09-25) + FY2025 boliden-2025-full.pdf,"price 521.0 SEK converted at 0.1009 USD/SEK; currency corrected to SEK (Swedish reporter); debt/cash blanked (unreliable line matches); statements in SEK; FX 0.1009 USD/SEK (Yahoo SEKUSD=X=0.1009, 2026-09-25); debt: sum of debt line items: Other interest-bearing liabilities 29206 299; Other interest-bearing liabilities 29152 151; market cap not computed: shares outstanding undisclosed"
BRC,Blackrock Silver Corp.,0.8061,2026-09-25,,,,,,,,,2025,Yahoo Finance quote (2026-09-25),price 1.14 CAD converted at 0.7071 USD/CAD; report not obtained; market cap not computed: shares outstanding undisclosed
BRMS,PT Bumi Resources Minerals Tbk,0.066,2026-09-25,,,,,,,,,2025,Yahoo Finance quote (2026-09-25) + FY2025 brms-q1-2026.txt,price 660.0 IDR converted at 0.0001 USD/IDR; no financial statements found; market cap not computed: shares outstanding undisclosed
BTG,B2Gold Corp.,5.48,2026-09-25,,,1053977000.0,511043000.0,180259000.0,598310000.0,380424000.0,217886000.0,2025,Yahoo Finance quote (2026-09-25) + FY2025 b2gold-2025-earnings-release.txt,"EBITDA figure is operating income (EBITDA undisclosed); debt: sum of debt line items: Current portion of long-term debt 33,870 16,419; Long-term debt 564,440 421,464; market cap not computed: shares outstanding undisclosed"
BTR,Brightstar Resources Limited,0.4112,2026-09-24,,,,,,,,,2026,Yahoo Finance quote (2026-09-24),price 0.585 AUD converted at 0.7029 USD/AUD; report not obtained; market cap not computed: shares outstanding undisclosed
BVN,Compañía de Minas Buenaventura S.A.A.,33.17,2026-09-25,,,,,,,529839000.0,,2025,Yahoo Finance quote (2026-09-25) + FY2025 buenaventura-ar-2025.pdf,market cap not computed: shares outstanding undisclosed
BYN,Banyan Gold Corp.,1.4001,2026-09-25,,,,,,,,,2025,Yahoo Finance quote (2026-09-25),price 1.98 CAD converted at 0.7071 USD/CAD; no usable text; market cap not computed: shares outstanding undisclosed
CDE,"Coeur Mining, Inc.",19.22,2026-09-25,,,1174931000.0,1025800000.0,585872000.0,,553597000.0,,2025,Yahoo Finance quote (2026-09-25) + FY2025 coeur-2025-10k.txt,"EBITDA figure is Adjusted EBITDA; revenue from summarized guarantor statements (Reg S-X note), not primary consolidated statements; market cap not computed: shares outstanding undisclosed"
CG,Centerra Gold Inc.,40.03,2026-09-25,,,,,,,,,2025,Yahoo Finance quote (2026-09-25),report not obtained; market cap not computed: shares outstanding undisclosed
CKG,Chesapeake Gold Corp.,2.1637,2026-09-25,,,,,,,,,2025,Yahoo Finance quote (2026-09-25) + FY2025 ckg-2025-mda.pdf,price 3.06 CAD converted at 0.7071 USD/CAD; no financial statements found; market cap not computed: shares outstanding undisclosed
CMCL,Caledonia Mining Corporation Plc,23.84,2026-09-25,,,,,,,,,2025,Yahoo Finance quote (2026-09-25) + FY2025 cmcl-2025.txt,no financial statements found; market cap not computed: shares outstanding undisclosed
CMM,Capricorn Metals Ltd,10.8247,2026-09-24,,,,,,,,,2026,Yahoo Finance quote (2026-09-24) + FY2026 cmm-ore.txt,price 15.4 AUD converted at 0.7029 USD/AUD; no financial statements found; market cap not computed: shares outstanding undisclosed
CNL,Collective Mining Ltd.,12.8904,2026-09-25,,,,,,14858326.0,129647421.0,-114789095.0,2025,Yahoo Finance quote (2026-09-25) + FY2025 cnl-2025-fs.pdf,"price 18.23 CAD converted at 0.7071 USD/CAD; debt: sum of debt line items: Current portion of lease liability 13722,050 82,79; Lease liability 1,136,276 72,732; market cap not computed: shares outstanding undisclosed"
5TP,CNMC Goldmine Holdings Limited,1.0019,2026-09-25,,,,,,,,,2025,Yahoo Finance quote (2026-09-25),price 1.28 SGD converted at 0.7827 USD/SGD; report not obtained; market cap not computed: shares outstanding undisclosed
CTGO,"Contango Ore, Inc.",18.55,2026-09-25,,,,,,,,,2025,Yahoo Finance quote (2026-09-25),no PDF or text file in report folder; market cap not computed: shares outstanding undisclosed
CUU,Copper Fox Metals Inc.,0.5091,2026-09-25,,,,,,,,,2025,Yahoo Finance quote (2026-09-25) + FY2025 cuu-2025-mda.pdf,price 0.72 CAD converted at 0.7071 USD/CAD; no financial statements found; market cap not computed: shares outstanding undisclosed
CYL,Catalyst Metals Limited,4.1401,2026-09-24,,,,,,,,,2026,Yahoo Finance quote (2026-09-24),price 5.89 AUD converted at 0.7029 USD/AUD; report not obtained; market cap not computed: shares outstanding undisclosed
DC,Dakota Gold Corp.,6.61,2026-09-25,,,,,,,,,2025,Yahoo Finance quote (2026-09-25),report not obtained; market cap not computed: shares outstanding undisclosed
DPM,DPM Metals Inc.,44.7877,2026-09-25,,,,,369226000.0,,,,2025,Yahoo Finance quote (2026-09-25) + FY2025 dpm-2025-q4-composite.pdf,price 63.34 CAD converted at 0.7071 USD/CAD; market cap not computed: shares outstanding undisclosed
DRD,DRDGOLD Limited,2.5207,2026-09-25,,,,,,,,,2025,Yahoo Finance quote (2026-09-25) + FY2025 drd-2025.txt,price quoted in ZAc (cents); no financial statements found; market cap not computed: shares outstanding undisclosed
DSV,Discovery Silver Corp.,8.8529,2026-09-25,,,,,,,,,2025,Yahoo Finance quote (2026-09-25) + FY2025 discovery-silver-2025-aif.pdf,price 12.52 CAD converted at 0.7071 USD/CAD; no financial statements found; market cap not computed: shares outstanding undisclosed
DTR,Dateline Resources Limited,0.0443,2026-09-24,,,,,,,,,2025,Yahoo Finance quote (2026-09-24),price 0.063 AUD converted at 0.7029 USD/AUD; report not obtained; market cap not computed: shares outstanding undisclosed
DV,Dolly Varden Silver Corporation,,,,,,,,,,,2025,,no Yahoo quote (TSX-V:DV not returned by Yahoo); no PDF or text file in report folder
EDV,Endeavour Mining plc,59.9427,2026-09-25,,,4233900000.0,2079100000.0,,597500000.0,453300000.0,144200000.0,2025,Yahoo Finance quote (2026-09-25) + FY2025 endeavour-2025.txt,"price quoted in GBp (pence); EBITDA figure is EBITDA; debt: sum of debt line items: Lease liabilities 17 25.0 18.2 The accompanying no; Current portion of debt 9 42.4 51.2; Non-current Lease liabilities 17 63.8 31.8; Non-current portion of debt 554.5 1,060.0; market cap not computed: shares outstanding undisclosed"
EGO,Eldorado Gold Corporation,41.92,2026-09-25,8589806072.0,204909496,1818856000.0,727399000.0,504304000.0,62567000.0,869356000.0,-806789000.0,2025,Yahoo Finance quote (2026-09-25) + FY2025 eldorado-2025-40f.txt,"EBITDA figure is operating income (EBITDA undisclosed); debt: sum of debt line items: Current portion of lease liabilities 6,024 4,693; Current portion of debt 47,968 0; Lease liabilities 8,575 10,030; market cap computed as price x shares outstanding"
ELE,Elemental Royalty Corp.,,,,,,,,,,,2025,,no Yahoo quote (TSX-V:ELE / NASDAQ:ELEA not returned by Yahoo); no PDF or text file in report folder
EMAS,PT Merdeka Gold Resources Tbk,0.7625,2026-09-25,,,,,,,,,2025,Yahoo Finance quote (2026-09-25) + FY2025 emas-q1-2026-quarterly.txt,price 7625.0 IDR converted at 0.0001 USD/IDR; no financial statements found; market cap not computed: shares outstanding undisclosed
EMR,Emerald Resources NL,4.8852,2026-09-24,,,,,,,,,2026,Yahoo Finance quote (2026-09-24),price 6.95 AUD converted at 0.7029 USD/AUD; report not obtained; market cap not computed: shares outstanding undisclosed
EMX,EMX Royalty Corporation,,,,,,,,,,,2024,,no Yahoo quote (EMX.V/EMX not returned by Yahoo); no financial statements found
EQX,Equinox Gold Corp.,11.94,2026-09-25,,,,,,,,,2025,Yahoo Finance quote (2026-09-25) + FY2025 equinox-2025-mda.txt,no financial statements found; market cap not computed: shares outstanding undisclosed
EVN,Evolution Mining Limited,9.6368,2026-09-24,19573130060.0,2031090542,3907262245.0,2229106770.0,1036816160.0,995604430.0,947154938.0,48449491.0,2026,Yahoo Finance quote (2026-09-24) + FY2026 evn-2026.txt,"price 13.71 AUD converted at 0.7029 USD/AUD; statements in AUD; FX 0.7029 USD/AUD (Yahoo AUDUSD=X=0.7029, 2026-09-25); EBITDA figure is EBITDA; debt: sum of debt line items: Lease liabilities 15,510 29,416; Non-current liabilities Interest bearing liabiliti; Lease liabilities 20,331 16,237; market cap computed as price x shares outstanding"
EXK,Endeavour Silver Corp.,9.39,2026-09-25,2777181583.0,295759487,,-17700000.0,,11000000.0,215400000.0,-204400000.0,2025,Yahoo Finance quote (2026-09-25) + FY2025 exk-2025-40f.pdf,EBITDA figure is EBITDA; debt: sum of debt line items: Non-current loans payable 11 3.9 115.0; market cap computed as price x shares outstanding
FDR,Founders Metals Inc.,5.0699,2026-09-25,,,,,-7484744.0,,18205455.0,,2025,Yahoo Finance quote (2026-09-25) + FY2025 fdr-2025-fs.pdf,"price 7.17 CAD converted at 0.7071 USD/CAD; statements in CAD; FX 0.7071 USD/CAD (Yahoo CADUSD=X=0.7071, 2026-09-25); market cap not computed: shares outstanding undisclosed"
FF,First Mining Gold Corp.,0.594,2026-09-25,,,,,,,,,2025,Yahoo Finance quote (2026-09-25),price 0.84 CAD converted at 0.7071 USD/CAD; report not obtained; market cap not computed: shares outstanding undisclosed
FFX,Firefinch Limited,,,,,,,,,,,2023,,delisted from ASX 2024-06-28; no quote; report not obtained
FISH,Sailfish Royalty Corp.,5.6427,2026-09-25,,,3375267.0,,1714228.0,,,,2025,Yahoo Finance quote (2026-09-25) + FY2025 sailfish-2025-results.pdf,price 7.98 CAD converted at 0.7071 USD/CAD; market cap not computed: shares outstanding undisclosed
FMR,Future Mineral Resources Inc.,0.1838,2026-09-21,,,,,,,,,2025,Yahoo Finance quote (2026-09-21),price 0.26 CAD converted at 0.7071 USD/CAD; report not obtained; market cap not computed: shares outstanding undisclosed
FNV,Franco-Nevada Corporation,257.87,2026-09-25,49716998706.0,192798692,1822800000.0,1354200000.0,1112100000.0,,2024.0,,2025,Yahoo Finance quote (2026-09-25) + FY2025 franco-nevada-2025-40f.pdf,EBITDA figure is operating income (EBITDA undisclosed); market cap computed as price x shares outstanding
FPC,Falco Resources Ltd.,0.3924,2026-09-25,,,,,,,,,2025,Yahoo Finance quote (2026-09-25),price 0.555 CAD converted at 0.7071 USD/CAD; no usable text; market cap not computed: shares outstanding undisclosed
FRES,Fresnillo plc,38.2838,2026-09-25,,,4561231000.0,,1573829000.0,,521098000.0,,2025,Yahoo Finance quote (2026-09-25) + FY2025 fresnillo-2025.txt,price quoted in GBp (pence); market cap not computed: shares outstanding undisclosed
FRS,Forrestania Resources Limited,0.2144,2026-09-24,,,,,,,,,2026,Yahoo Finance quote (2026-09-24),price 0.305 AUD converted at 0.7029 USD/AUD; no PDF or text file in report folder; market cap not computed: shares outstanding undisclosed
FSM,Fortuna Mining Corp.,11.69,2026-09-25,,,,,,,,,2025,Yahoo Finance quote (2026-09-25),no PDF or text file in report folder; market cap not computed: shares outstanding undisclosed
GTRE,G3 Goldfields Inc.,,,,,,,,,,,,,CSE listing pending; no quote; report not obtained
GAU,Galiano Gold Inc.,2.06,2026-09-25,,,,,,,,,2025,Yahoo Finance quote (2026-09-25) + FY2025 galiano-2025-q4-results.pdf,no financial statements found; market cap not computed: shares outstanding undisclosed
GFI,Gold Fields Limited,40.38,2026-09-25,,,,,,,2025.0,,2025,Yahoo Finance quote (2026-09-25) + FY2025 goldfields-fy2025-results-presentation.pdf,market cap not computed: shares outstanding undisclosed
GGD,GoGold Resources Inc.,3.1112,2026-09-25,1177429871.0,378443923,,,,,360.0,,2025,Yahoo Finance quote (2026-09-25) + FY2025 gogold-2025-q4-mda.txt,price 4.4 CAD converted at 0.7071 USD/CAD; market cap computed as price x shares outstanding
GGP,Greatland Resources Limited,7.5913,2026-09-24,,,2259372000.0,1330000000.0,4764285000.0,22184000.0,1286331000.0,-1264147000.0,2026,Yahoo Finance quote (2026-09-24) + FY2026 greatland-2026-ar.pdf,"price 10.8 AUD converted at 0.7029 USD/AUD; EBITDA figure is EBITDA; debt: sum of debt line items: Lease liabilities 16,218; Lease liabilities 5,966; market cap not computed: shares outstanding undisclosed"
GOLD,GoldMining Inc.,0.9829,2026-09-25,,,,,,,,,2025,Yahoo Finance quote (2026-09-25),price 1.39 CAD converted at 0.7071 USD/CAD; report not obtained; market cap not computed: shares outstanding undisclosed
GMD,Genesis Minerals Limited,5.3772,2026-09-24,,,,,,,,,2026,Yahoo Finance quote (2026-09-24) + FY2026 gmd-june2026.txt,price 7.65 AUD converted at 0.7029 USD/AUD; no financial statements found; market cap not computed: shares outstanding undisclosed
GMIN,G Mining Ventures Corp.,35.8853,2026-09-25,,,,89448150.0,,,10.0,,2025,Yahoo Finance quote (2026-09-25) + FY2025 g-mining-2025-mda.txt,"price 50.75 CAD converted at 0.7071 USD/CAD; statements in CAD; FX 0.7071 USD/CAD (Yahoo CADUSD=X=0.7071, 2026-09-25); EBITDA figure is EBITDA; market cap not computed: shares outstanding undisclosed"
GROY,Gold Royalty Corp.,3.16,2026-09-25,,,,,,,,,2025,Yahoo Finance quote (2026-09-25) + FY2025 groy-2025-mda.txt,no financial statements found; market cap not computed: shares outstanding undisclosed
GSKR,Goldsky Resources Corp.,2.2415,2026-09-25,,,,,,,,,2025,Yahoo Finance quote (2026-09-25),price 3.17 CAD converted at 0.7071 USD/CAD; report not obtained; market cap not computed: shares outstanding undisclosed
GSVR,Guanajuato Silver Company Ltd.,0.3005,2026-09-25,,,,,,,,,2025,Yahoo Finance quote (2026-09-25) + FY2025 gsvr-2025-annual.txt,price 0.425 CAD converted at 0.7071 USD/CAD; no financial statements found; market cap not computed: shares outstanding undisclosed
HL,Hecla Mining Company,18.19,2026-09-25,,,,,,,,,2025,Yahoo Finance quote (2026-09-25) + FY2025 hecla-2025-10k-full.txt,market cap not computed: shares outstanding undisclosed
HMMC,Hemlo Mining Corp.,,,,,,,,,,,2025,FY2025 hmmc-2025-q4-mda.txt (no market quote),"no Yahoo quote (TSX-V:HMMC); fundamentals blanked: report folder contains MD&A only, no financial statements; debt: sum of debt line items: Revolving Credit Facility as financial support for; due to $8.6 million of lease liabilities assumed f"
HMY,Harmony Gold Mining Company Limited,18.97,2026-09-25,,,,,,,,,2025,Yahoo Finance quote (2026-09-25) + FY2025 harmony-2025-20f.txt,no financial statements found; market cap not computed: shares outstanding undisclosed
HOC,Hochschild Mining PLC,7.5574,2026-09-25,,,1182148.0,39000000.0,247402.0,318797.0,316954.0,1843.0,2025,Yahoo Finance quote (2026-09-25) + FY2025 hochschild-2025.txt,"price quoted in GBp (pence); EBITDA figure is Adjusted EBITDA; debt: sum of debt line items: Evaluation and exploration assets 93,797 132,303 B; Borrowings 225,000 163,333; market cap not computed: shares outstanding undisclosed"
HSLV,Highlander Silver Corp.,5.3527,2026-09-25,,,,,,,,,2025,Yahoo Finance quote (2026-09-25),price 7.57 CAD converted at 0.7071 USD/CAD; report not obtained; market cap not computed: shares outstanding undisclosed
HSTR,Heliostar Metals Ltd.,1.6051,2026-09-25,,,91824000.0,16237000.0,12407000.0,,40623000.0,,2025,Yahoo Finance quote (2026-09-25) + FY2025 hstr-2025-fs.pdf,price 2.27 CAD converted at 0.7071 USD/CAD; EBITDA figure is operating income (EBITDA undisclosed); market cap not computed: shares outstanding undisclosed
HYMC,Hycroft Mining Holding Corporation,21.48,2026-09-25,,,,,,,,,2025,Yahoo Finance quote (2026-09-25) + FY2025 hymc-2025-10k.pdf,statement currency not identified; USD figures blank; market cap not computed: shares outstanding undisclosed
IAG,IAMGOLD Corporation,19.7,2026-09-25,,,2852800000.0,685500000.0,732300000.0,431.0,422.0,9.0,2025,Yahoo Finance quote (2026-09-25) + FY2025 iamgold-2025-mda.txt,EBITDA figure is EBITDA; debt: sum of debt line items: Liabilities Long-term debt Notes1 (451.7) (451.1); Long-term debt equipment loan (1.0) (1.0) (1.0); Long-term debt Credit Facility (200.0) (200.0) (20; Long-term debt Notes1 (452.0) (435.8) (435.8); Long-term debt Term Loan2 (400.8) (449.2) (449.2); Long-term debt equipment loan (2.1) (2.3) (2.3); market cap not computed: shares outstanding undisclosed
IAUX,i-80 Gold Corp.,1.74,2026-09-25,,,,,,,,,2025,Yahoo Finance quote (2026-09-25),report not obtained; market cap not computed: shares outstanding undisclosed
IDR,"Idaho Strategic Resources, Inc.",30.39,2026-09-25,,,,,,,,,2025,Yahoo Finance quote (2026-09-25) + FY2025 idr-2025-10k.pdf,market cap not computed: shares outstanding undisclosed
IPT,IMPACT Silver Corp.,0.198,2026-09-25,,,,,,,2025.0,,2025,Yahoo Finance quote (2026-09-25) + FY2025 ipt.txt,price 0.28 CAD converted at 0.7071 USD/CAD; market cap not computed: shares outstanding undisclosed
ITRG,Integra Resources Corp.,2.75,2026-09-25,,,,,,,,,2025,Yahoo Finance quote (2026-09-25) + FY2025 integra-2025-annual.txt,no financial statements found; market cap not computed: shares outstanding undisclosed
JAG,Jaguar Mining Inc.,5.3457,2026-09-25,,,,,,,,,2025,Yahoo Finance quote (2026-09-25) + FY2025 jaguar-aif-2025.pdf,price 7.56 CAD converted at 0.7071 USD/CAD; no financial statements found; market cap not computed: shares outstanding undisclosed
KCN,Kingsgate Consolidated Limited,3.5426,2026-09-24,,,,,,,,,2026,Yahoo Finance quote (2026-09-24),price 5.04 AUD converted at 0.7029 USD/AUD; report not obtained; market cap not computed: shares outstanding undisclosed
KGC,Kinross Gold Corporation,25.05,2026-09-25,,,7051100000.0,3277600000.0,2470000000.0,938100000.0,1742300000.0,-804200000.0,2025,Yahoo Finance quote (2026-09-25) + FY2025 kinross-2025-q4-release.pdf,"EBITDA figure is operating income (EBITDA undisclosed); debt: sum of debt line items: Current portion of long-term debt 199.9; Non-current liabilities Long-term debt 738.2 1,235; market cap not computed: shares outstanding undisclosed"
KGH,KGHM Polska Miedź S.A.,86.1613,2026-09-25,,,9480616200.0,,961461600.0,,115490100.0,,2025,Yahoo Finance quote (2026-09-25) + FY2025 kghm-ar-2025.txt,"price 330.5 PLN converted at 0.2607 USD/PLN; total debt blanked (borrowings-line extraction unreliable for KGHM); statements in PLN; FX 0.2607 USD/PLN (Yahoo PLNUSD=X=0.2607, 2026-09-25); debt: sum of debt line items: .1 Borrowings and leases 2434 2310; .1 Borrowings and leases 811 1259; market cap not computed: shares outstanding undisclosed"
KNT,K92 Mining Inc.,20.8241,2026-09-25,,,,,,,,,2025,Yahoo Finance quote (2026-09-25) + FY2025 k92-aif-2025.pdf,price 29.45 CAD converted at 0.7071 USD/CAD; no financial statements found; market cap not computed: shares outstanding undisclosed
LGD,Liberty Gold Corp.,1.5627,2026-09-25,,,,,-25334520.0,653168.0,28076857.0,-27423689.0,2025,Yahoo Finance quote (2026-09-25) + FY2025 liberty-2025-annual-report.pdf,"price 2.21 CAD converted at 0.7071 USD/CAD; debt: sum of debt line items: Lease liabilities 158,365 57,907; Non-current liabilities Lease liabilities 494,803; market cap not computed: shares outstanding undisclosed"
LUCA,Luca Mining Corp.,0.799,2026-09-25,,,,226000000.0,,1270.0,25515.0,-24245.0,2025,Yahoo Finance quote (2026-09-25) + FY2025 luca-2025-q4-mda.txt,"price 1.13 CAD converted at 0.7071 USD/CAD; EBITDA figure is Adjusted EBITDA; debt: sum of debt line items: Lease liabilities 1,270 9,055 10,325; market cap not computed: shares outstanding undisclosed"
LUG,Lundin Gold Inc.,64.7633,2026-09-25,,,,,,,,,2025,Yahoo Finance quote (2026-09-25) + FY2025 lundingold-2025-aif.txt,price 91.59 CAD converted at 0.7071 USD/CAD; no financial statements found; market cap not computed: shares outstanding undisclosed
LUNR,LunR Royalties Corp.,,,,,,,,,,,2025,FY2025 lunr-mda-20260331.pdf (no market quote),no Yahoo quote (TSX-V:LUNR)
MAG,MAG Silver Corp.,,,,,,,,,,,2024,,"delisted (acquired by Pan American Silver, 2025); no quote; no PDF or text file in report folder"
MAI,Mining Americas Inc.,4.1153,2026-09-25,,,,,,,,,2025,Yahoo Finance quote (2026-09-25),price 5.82 CAD converted at 0.7071 USD/CAD; report not obtained; market cap not computed: shares outstanding undisclosed
MAU,Montage Gold Corp.,14.0713,2026-09-25,5126304624.0,364309500,,,49580000.0,,191776000.0,,2025,Yahoo Finance quote (2026-09-25) + FY2025 montage-gold-2025-annual-report.pdf,price 19.9 CAD converted at 0.7071 USD/CAD; market cap computed as price x shares outstanding
MEK,Meeka Metals Limited,0.0703,2026-09-24,,,,,,,,,2026,Yahoo Finance quote (2026-09-24),price 0.1 AUD converted at 0.7029 USD/AUD; report not obtained; market cap not computed: shares outstanding undisclosed
MFRISCO,"Minera Frisco, S.A.B. de C.V.",,,,,,,,,,,2025,,no Yahoo quote (BMV: MFRISCOA.MX not returned); no financial statements found
MI6,Minerals 260 Limited,0.6607,2026-09-24,,,,,,,,,2025,Yahoo Finance quote (2026-09-24) + FY2025 ar-text.txt,"price 0.94 AUD converted at 0.7029 USD/AUD; statements in AUD; FX 0.7029 USD/AUD (Yahoo AUDUSD=X=0.7029, 2026-09-25); market cap not computed: shares outstanding undisclosed"
MKO,Mako Mining Corp.,10.062,2026-09-25,,,,,,,,,2025,Yahoo Finance quote (2026-09-25) + FY2025 mko-2025-mda.pdf,price 14.23 CAD converted at 0.7071 USD/CAD; no financial statements found; market cap not computed: shares outstanding undisclosed
MKR,Manuka Resources Limited,0.045,2026-09-24,,,,,,,,,2025,Yahoo Finance quote (2026-09-24),price 0.064 AUD converted at 0.7029 USD/AUD; report not obtained; market cap not computed: shares outstanding undisclosed
MNO,Meridian Mining plc,1.6405,2026-09-25,,,,,,,,,2025,Yahoo Finance quote (2026-09-25) + FY2025 meridian-cabacal-pfs-2025.pdf,price 2.32 CAD converted at 0.7071 USD/CAD; no financial statements found; market cap not computed: shares outstanding undisclosed
MSA,Mineros S.A.,7.0356,2026-09-25,,,,,,,,,2025,Yahoo Finance quote (2026-09-25) + FY2025 mineros-q4-2025-mda.txt,price 9.95 CAD converted at 0.7071 USD/CAD; no financial statements found; market cap not computed: shares outstanding undisclosed
MTA,Metalla Royalty & Streaming Ltd.,10.07,2026-09-25,935497441.0,92899448,,4700000.0,,,9794000.0,,2025,Yahoo Finance quote (2026-09-25) + FY2025 metalla-2025-40f.pdf,EBITDA figure is Adjusted EBITDA; market cap computed as price x shares outstanding
MUX,McEwen Inc,19.02,2026-09-25,,,197600000.0,29200000.0,,,,,2025,Yahoo Finance quote (2026-09-25) + FY2025 mux-2025-10k.pdf,currency corrected to USD (US 10-K filer; parser picked MXN from risk-factor prose); EBITDA figure is Adjusted EBITDA; market cap not computed: shares outstanding undisclosed
NCX,NorthIsle Copper and Gold Inc.,3.0052,2026-09-25,,,,,,,,,2025,Yahoo Finance quote (2026-09-25),price 4.25 CAD converted at 0.7071 USD/CAD; report not obtained; market cap not computed: shares outstanding undisclosed
NEM,Newmont Corporation,121.43,2026-09-25,,,22669000000.0,,7167000000.0,,7647000000.0,,2025,Yahoo Finance quote (2026-09-25) + FY2025 newmont-2025-10k.pdf,market cap not computed: shares outstanding undisclosed
NEWP,New Pacific Metals Corp.,6.62,2026-09-25,,,,,,,,,2025,Yahoo Finance quote (2026-09-25),report not obtained; market cap not computed: shares outstanding undisclosed
NEXG,NexGold Mining Corp.,1.0677,2026-09-25,,,,,-3447804.0,119134.0,7415084.0,-7295950.0,2025,Yahoo Finance quote (2026-09-25) + FY2025 nexg-2025-fs.pdf,"price 1.51 CAD converted at 0.7071 USD/CAD; statements in CAD; FX 0.7071 USD/CAD (Yahoo CADUSD=X=0.7071, 2026-09-25); debt: sum of debt line items: Current portion of lease liability 115,969 109,951; Non-current liabilities Long-term portion of lease; market cap not computed: shares outstanding undisclosed"
NFG,New Found Gold Corp.,1.987,2026-08-25,,,,,,,,,2025,Yahoo Finance quote (2026-08-25),price 2.81 CAD converted at 0.7071 USD/CAD; report not obtained; market cap not computed: shares outstanding undisclosed
NG,NOVAGOLD Resources Inc.,7.13,2026-09-25,2901871006.0,406994531,,,,,110143000.0,,2025,Yahoo Finance quote (2026-09-25) + FY2025 novagold-2025-10k.pdf,market cap computed as price x shares outstanding
NGD,New Gold Inc.,,,,,,,,,,,2025,,delisted March 2026; no quote; no financial statements found
NIX,NorthX Nickel Corp.,0.1485,2026-09-25,,,,,,,,,2025,Yahoo Finance quote (2026-09-25),price 0.21 CAD converted at 0.7071 USD/CAD; report not obtained; market cap not computed: shares outstanding undisclosed
NMG,New Murchison Gold Limited,0.0555,2026-09-24,,,,,,,,,2026,Yahoo Finance quote (2026-09-24),price 0.079 AUD converted at 0.7029 USD/AUD; report not obtained; market cap not computed: shares outstanding undisclosed
NST,Northern Star Resources Ltd,15.5411,2026-09-24,,,5358.0,15463800000.0,1170.0,1212.0,716.0,497.0,2026,Yahoo Finance quote (2026-09-24) + FY2026 nst-2026.txt,"price 22.11 AUD converted at 0.7029 USD/AUD; statements in AUD; FX 0.7029 USD/AUD (Yahoo AUDUSD=X=0.7029, 2026-09-25); EBITDA figure is EBITDA; debt: sum of debt line items: Borrowings 208.8 128.2; Lease liabilities 105.0 119.6; Non-current liabilities Borrowings 1,186.5 1,133.5; Lease liabilities 224.4 328.9; market cap not computed: shares outstanding undisclosed"
OBM,Ora Banda Mining Ltd,1.086,2026-09-24,,,567591047.0,151966980.0,151963466.0,25144139.0,188169142.0,-163025003.0,2026,Yahoo Finance quote (2026-09-24) + FY2026 obm-2026.txt,"price 1.545 AUD converted at 0.7029 USD/AUD; statements in AUD; FX 0.7029 USD/AUD (Yahoo AUDUSD=X=0.7029, 2026-09-25); EBITDA figure is EBITDA; debt: sum of debt line items: Lease liabilities 28,772 23,776; Borrowings 4,000; Non-current liabilities Lease liabilities 3,000 12; market cap not computed: shares outstanding undisclosed"
OGC,OceanaGold Corporation,28.1991,2026-09-25,,,,,,,,,2025,Yahoo Finance quote (2026-09-25) + FY2025 oceanagold-2025-q4-mda.txt,price 39.88 CAD converted at 0.7071 USD/CAD; no financial statements found; market cap not computed: shares outstanding undisclosed
OGG,Osisko Gold Group Inc.,2.8143,2026-09-25,,,,,,,,,2025,Yahoo Finance quote (2026-09-25),price 3.98 CAD converted at 0.7071 USD/CAD; report not obtained; market cap not computed: shares outstanding undisclosed
OGN,Orogen Royalties Inc.,3.4153,2026-09-25,,,2149719.0,3856588.0,,5082414.0,5594577.0,-512163.0,2025,Yahoo Finance quote (2026-09-25) + FY2025 orogen-2025-fs.pdf,"price 4.83 CAD converted at 0.7071 USD/CAD; statements in CAD; FX 0.7071 USD/CAD (Yahoo CADUSD=X=0.7071, 2026-09-25); EBITDA figure is operating income (EBITDA undisclosed); debt: sum of debt line items: Short term lease liabilities 70,022 64,112; Non-current Liabilities Long term lease liabilitie; market cap not computed: shares outstanding undisclosed"
OLA,Orla Mining Ltd.,9.5176,2026-08-04,,,,,,,,,2025,Yahoo Finance quote (2026-08-04) + FY2025 orla-mda-2025.pdf,price 13.46 CAD converted at 0.7071 USD/CAD; statement currency not identified; USD figures blank; market cap not computed: shares outstanding undisclosed
OM,Osisko Metals Incorporated,1.2657,2026-09-25,,,,,,,,,2025,Yahoo Finance quote (2026-09-25),price 1.79 CAD converted at 0.7071 USD/CAD; report not obtained; market cap not computed: shares outstanding undisclosed
OMG,Omai Gold Mines Corp.,1.789,2026-09-25,,,,,,,,,2025,Yahoo Finance quote (2026-09-25),price 2.53 CAD converted at 0.7071 USD/CAD; report not obtained; market cap not computed: shares outstanding undisclosed
OR,OR Royalties Inc.,35.78,2026-09-25,,,,,,,,,2025,Yahoo Finance quote (2026-09-25) + FY2025 or-2025-mda.txt,"statements in CAD; FX 0.7071 USD/CAD (Yahoo CADUSD=X=0.7071, 2026-09-25); market cap not computed: shares outstanding undisclosed"
ORE,Orezone Gold Corporation,2.2839,2026-09-25,,,,,,,,,2025,Yahoo Finance quote (2026-09-25) + FY2025 oreone-2025-mda.txt,price 3.23 CAD converted at 0.7071 USD/CAD; no financial statements found; market cap not computed: shares outstanding undisclosed
PAAS,Pan American Silver Corp.,48.04,2026-09-25,,,,,,,,,2025,Yahoo Finance quote (2026-09-25) + FY2025 paas-2025-mda.txt,no financial statements found; market cap not computed: shares outstanding undisclosed
PAF,Pan African Resources PLC,1.6347,2026-09-25,,,,226600000.0,,,,,2025,Yahoo Finance quote (2026-09-25) + FY2025 panafrican-2025-integrated-report.pdf,"price quoted in GBp (pence); debt/cash blanked (statement units not labeled; figures likely in thousands but unverifiable); EBITDA figure is Adjusted EBITDA; debt: sum of debt line items: Borrowings 103,642 123,056 0; Lease liabilities 2,607 2,158 0; Borrowings 86,335 4,729 0; Lease liabilities 1,050 791 0; market cap not computed: shares outstanding undisclosed"
PDI,Predictive Discovery Limited,3.2544,2026-09-24,,,,,,,,,2026,Yahoo Finance quote (2026-09-24),price 4.63 AUD converted at 0.7029 USD/AUD; report not obtained; market cap not computed: shares outstanding undisclosed
PE&OLES,"Industrias Peñoles, S.A.B. de C.V.",50.9677,2026-09-25,,,,,,,,,2025,Yahoo Finance quote (2026-09-25),price 900.49 MXN converted at 0.0566 USD/MXN; report not obtained; market cap not computed: shares outstanding undisclosed
PML,Panoro Minerals Ltd.,1.1667,2026-09-25,,,,,,,,,2025,Yahoo Finance quote (2026-09-25),price 1.65 CAD converted at 0.7071 USD/CAD; no PDF or text file in report folder; market cap not computed: shares outstanding undisclosed
PNR,Pantoro Gold Limited,2.0665,2026-09-24,,,,,,,,,2026,Yahoo Finance quote (2026-09-24),price 2.94 AUD converted at 0.7029 USD/AUD; report not obtained; market cap not computed: shares outstanding undisclosed
PPTA,Perpetua Resources Corp.,23.49,2026-09-25,1650561260.0,70266550,,1347000000.0,-14483000.0,244000.0,714171000.0,-713927000.0,2025,Yahoo Finance quote (2026-09-25) + FY2025 perpetua-2025-10k.pdf,EBITDA figure is EBITDA; debt: sum of debt line items: Lease liabilities 88 28; Lease liabilities 156 0; market cap computed as price x shares outstanding
PRU,Perseus Mining Limited,4.6602,2026-09-24,,,,,,,,,2026,Yahoo Finance quote (2026-09-24) + FY2026 pru-2026.txt,price 6.63 AUD converted at 0.7029 USD/AUD; no financial statements found; market cap not computed: shares outstanding undisclosed
PSAB,PT J Resources Asia Pasifik Tbk,0.0535,2026-09-25,,,,,,,,,2025,Yahoo Finance quote (2026-09-25) + FY2025 jresources-ar-2023.pdf,"price 535.0 IDR converted at 0.0001 USD/IDR; fundamentals blanked: Indonesian-format statements (dot thousand-separators), unreliable extraction; debt: sum of debt line items: Liabilitas Liabilities Pinjaman bank jangka pendek; Liabilitas sewa 632.133 283.694 638.312 1.554.139; Pinjaman bank jangka panjang 100.489.103 48.690.33; Liabilitas Liabilities Pinjaman bank jangka pendek; Liabilitas sewa 3.867.491 347.251 4.214.742 4.072.; Pinjaman bank jangka panjang 6.000.000 65.475.812; market cap not computed: shares outstanding undisclosed"
PZG,Paramount Gold Nevada Corp.,1.31,2026-09-25,,,,,,,,,2025,Yahoo Finance quote (2026-09-25) + FY2025 pzg-2025-10k.pdf,market cap not computed: shares outstanding undisclosed
RGLD,"Royal Gold, Inc.",252.49,2026-09-25,,,,,,,,,2025,Yahoo Finance quote (2026-09-25) + FY2025 royal-gold-2025-10k.pdf,market cap not computed: shares outstanding undisclosed
RIO,Rio2 Limited,2.5526,2026-09-25,,,,,,298000.0,46375000.0,-46077000.0,2025,Yahoo Finance quote (2026-09-25) + FY2025 rio2-2025-financials.pdf,price 3.61 CAD converted at 0.7071 USD/CAD; debt: sum of debt line items: Lease liability $ 152 $ 143; Lease liability 146; market cap not computed: shares outstanding undisclosed
RMS,Ramelius Resources Limited,2.7202,2026-09-24,,,,,,,,,2026,Yahoo Finance quote (2026-09-24) + FY2026 rms-2026.txt,price 3.87 AUD converted at 0.7029 USD/AUD; no financial statements found; market cap not computed: shares outstanding undisclosed
RRL,Regis Resources Limited,5.4264,2026-09-24,,,,,,,,,2026,Yahoo Finance quote (2026-09-24),price 7.72 AUD converted at 0.7029 USD/AUD; report not obtained; market cap not computed: shares outstanding undisclosed
RSG,Resolute Mining Limited,0.8575,2026-09-24,,,,,,,44.0,,2025,Yahoo Finance quote (2026-09-24) + FY2025 rsg-2025.txt,"price 1.22 AUD converted at 0.7029 USD/AUD; currency corrected to AUD; net income/debt blanked (parser grabbed retained-earnings and lease-note lines); statements in AUD; FX 0.7029 USD/AUD (Yahoo AUDUSD=X=0.7029, 2026-09-25); debt: sum of debt line items: Lease liabilities 0.5 3.1; Lease liabilities 6.4 6.2; market cap not computed: shares outstanding undisclosed"
SA,Seabridge Gold Inc.,30.3,2026-09-25,,,,,,,,,2025,Yahoo Finance quote (2026-09-25),no PDF or text file in report folder; market cap not computed: shares outstanding undisclosed
SAND,Sandstorm Gold Ltd.,,,,,,,,,,,2024,,"delisted Oct 20, 2025 (acquired by Royal Gold); no quote; no financial statements found"
SBM,St Barbara Limited,0.5764,2026-09-24,,,,,,,,,2026,Yahoo Finance quote (2026-09-24),price 0.82 AUD converted at 0.7029 USD/AUD; report not obtained; market cap not computed: shares outstanding undisclosed
SCZ,Santacruz Silver Mining Ltd.,8.9519,2026-09-18,,,,,,,,,2025,Yahoo Finance quote (2026-09-18) + FY2025 scz.txt,price 12.66 CAD converted at 0.7071 USD/CAD; no financial statements found; market cap not computed: shares outstanding undisclosed
SGD,Snowline Gold Corp.,,,,,,,,,,,2025,FY2025 snowline-2025-mda.pdf (no market quote),statement currency not identified; USD figures blank
SIND,Sinda Ltd.,13.94,2026-09-25,,,,,,,,,2025,Yahoo Finance quote (2026-09-25),report not obtained; market cap not computed: shares outstanding undisclosed
SKE,Skeena Gold + Silver,31.71,2026-09-25,,,,,,,,,2025,Yahoo Finance quote (2026-09-25) + FY2025 skeena-aif-2025.pdf,no financial statements found; market cap not computed: shares outstanding undisclosed
SLVR,Silver Tiger Metals Inc.,,,,,,,,,,,2025,,no Yahoo quote (TSX-V:SLVR not returned by Yahoo); report not obtained
SM,Sierra Madre Gold and Silver Ltd.,1.0606,2026-09-25,,,,,,,,,2025,Yahoo Finance quote (2026-09-25) + FY2025 sm-2025-mda.pdf,price 1.5 CAD converted at 0.7071 USD/CAD; no financial statements found; market cap not computed: shares outstanding undisclosed
SMI,Santana Minerals Limited,0.3936,2026-09-24,,,,,,,,,2025,Yahoo Finance quote (2026-09-24),price 0.56 AUD converted at 0.7029 USD/AUD; report not obtained; market cap not computed: shares outstanding undisclosed
SOSI,Sotkamo Silver AB,0.1689,2024-07-23,,,,,,,,,2025,Yahoo Finance quote (2024-07-23) + FY2025 sotkamo-2025.txt,price 1.674 SEK converted at 0.1009 USD/SEK; statement currency not identified (parser guessed USD); USD figures blank; statement currency not identified; USD figures blank; EBITDA figure is EBITDA; debt: sum of debt line items: Derivative instruments 28 0.0 0.0 Interest-bearing; Current liabilities Interest-bearing liabilities 1; Current lease liabilities 17 2.9 3.8; market cap not computed: shares outstanding undisclosed
SSMR,Sunshine Silver Mining & Refining Company,,,,,,,,,,,,,unlisted; no quote; report not obtained
SSRM,SSR Mining Inc.,35.68,2026-09-25,,,,461442000.0,362417000.0,,,,2025,Yahoo Finance quote (2026-09-25) + FY2025 ssrm-2025-10k.pdf,EBITDA figure is operating income (EBITDA undisclosed); market cap not computed: shares outstanding undisclosed
SVL,Silver Mines Limited,0.1019,2026-09-24,,,,,,,,,2025,Yahoo Finance quote (2026-09-24),price 0.145 AUD converted at 0.7029 USD/AUD; report not obtained; market cap not computed: shares outstanding undisclosed
SVM,Silvercorp Metals Inc.,11.34,2026-09-25,,,438135000.0,238100000.0,32922000.0,118393000.0,421989000.0,-303596000.0,2026,Yahoo Finance quote (2026-09-25) + FY2026 silvercorp-2026-40f.pdf,"EBITDA figure is Adjusted EBITDA; debt: sum of debt line items: Current portion of lease obligation 286 278; Current portion of convertible notes 2,069 2,460; Non-current Liabilities Long-term portion of lease; Long-term portion of convertible notes 115,156 108; market cap not computed: shares outstanding undisclosed"
SVRS,Silver Storm Mining Ltd.,0.35,2026-09-25,,,,,,,,,2025,Yahoo Finance quote (2026-09-25),price 0.495 CAD converted at 0.7071 USD/CAD; report not obtained; market cap not computed: shares outstanding undisclosed
SXGC,Southern Cross Gold Consolidated Ltd.,8.6054,2026-09-25,,,,,,,,,2026,Yahoo Finance quote (2026-09-25),price 12.17 CAD converted at 0.7071 USD/CAD; report not obtained; market cap not computed: shares outstanding undisclosed
TALA,Talamore Mining Corp.,6.1376,2026-09-25,,,,,,,,,2025,Yahoo Finance quote (2026-09-25),price 8.68 CAD converted at 0.7071 USD/CAD; report not obtained; market cap not computed: shares outstanding undisclosed
TAU,Thesis Gold & Silver Inc.,2.4678,2026-09-25,,,,,,,,,2025,Yahoo Finance quote (2026-09-25),price 3.49 CAD converted at 0.7071 USD/CAD; report not obtained; market cap not computed: shares outstanding undisclosed
TCG,Turaco Gold Limited,0.6115,2026-09-24,,,,,,,47852130.0,,2025,Yahoo Finance quote (2026-09-24) + FY2025 ar-text.txt,"price 0.87 AUD converted at 0.7029 USD/AUD; statements in AUD; FX 0.7029 USD/AUD (Yahoo AUDUSD=X=0.7029, 2026-09-25); market cap not computed: shares outstanding undisclosed"
TFPM,Triple Flag Precious Metals Corp.,32.166,2026-09-25,,,118916000.0,65320000.0,76832000.0,1463.0,71284.0,-69821.0,2025,Yahoo Finance quote (2026-09-25) + FY2025 tfpm-2025-annual.txt,"price 45.49 CAD converted at 0.7071 USD/CAD; EBITDA figure is operating income (EBITDA undisclosed); debt: sum of debt line items: Lease obligation 379 318; Lease obligation 1,084 1,373; market cap not computed: shares outstanding undisclosed"
ITH,International Tower Hill Mines Ltd.,2.793,2026-09-25,,,,,,,,,2025,Yahoo Finance quote (2026-09-25),price 3.95 CAD converted at 0.7071 USD/CAD; report not obtained; market cap not computed: shares outstanding undisclosed
TLG,Troilus Gold Corp.,1.5273,2026-09-25,,,,,-24231026.0,18174924.0,17735469.0,439456.0,2025,Yahoo Finance quote (2026-09-25) + FY2025 troilus-2025-fs.pdf,"price 2.16 CAD converted at 0.7071 USD/CAD; statements in CAD; FX 0.7071 USD/CAD (Yahoo CADUSD=X=0.7071, 2026-09-25); debt: sum of debt line items: Current portion of lease liabilities 12812,210 349; Long-term portion of lease liabilities 12891,261 6; market cap not computed: shares outstanding undisclosed"
TMQ,Trilogy Metals Inc,3.2,2026-09-25,,,,,,,,,2025,Yahoo Finance quote (2026-09-25) + FY2025 tmq-2025-10k.pdf,market cap not computed: shares outstanding undisclosed
TRALT,Türk Altın İşletmeleri A.Ş.,1.0167,2026-09-25,,,,,,,,,2025,Yahoo Finance quote (2026-09-25) + FY2025 tralt-2025.txt,price 49.84 TRY converted at 0.0204 USD/TRY; no financial statements found; market cap not computed: shares outstanding undisclosed
TRMET,TR Anadolu Metal Madencilik İşletmeleri A.Ş.,2.8642,2026-09-25,,,,,,,,,2025,Yahoo Finance quote (2026-09-25) + FY2025 trmet-2025.txt,price 140.4 TRY converted at 0.0204 USD/TRY; no financial statements found; market cap not computed: shares outstanding undisclosed
TRX,TRX Gold Corporation,1.29,2026-09-25,,,,,,,,,2025,Yahoo Finance quote (2026-09-25) + FY2025 trx-2025-ye-results.txt,no financial statements found; market cap not computed: shares outstanding undisclosed
TUD,Tudor Gold Corp.,0.6222,2026-09-25,,,,,,,649478.0,,2025,Yahoo Finance quote (2026-09-25) + FY2025 tud-2025-mda.pdf,"price 0.88 CAD converted at 0.7071 USD/CAD; statements in CAD; FX 0.7071 USD/CAD (Yahoo CADUSD=X=0.7071, 2026-09-25); market cap not computed: shares outstanding undisclosed"
TXG,Torex Gold Resources Inc.,50.5435,2026-09-25,,,1305600000.0,260423500.0,166800000.0,120.0,31.0,88.0,2025,Yahoo Finance quote (2026-09-25) + FY2025 torex-mda-fy2025.pdf,price 71.48 CAD converted at 0.7071 USD/CAD; EBITDA figure is EBITDA; debt: sum of debt line items: $119.5 million and undrawn capacity on the Debt Fa; market cap not computed: shares outstanding undisclosed
USA,Americas Gold and Silver Corporation,4.8154,2026-09-25,,,117934000.0,,,,129783000.0,,2025,Yahoo Finance quote (2026-09-25) + FY2025 usa-2025-q4fs.pdf,price 6.81 CAD converted at 0.7071 USD/CAD; market cap not computed: shares outstanding undisclosed
USAU,U.S. Gold Corp,15.59,2026-09-25,,,0.0,,,96223.0,30655391.0,-30559168.0,2026,Yahoo Finance quote (2026-09-25) + FY2026 usau-2026-10k.pdf,"debt: sum of debt line items: Operating lease liabilities, current portion 59,47; Operating lease liabilities, less current portion; market cap not computed: shares outstanding undisclosed"
USL,Unico Silver Limited,0.5096,2026-09-24,,,,,,,,,2025,Yahoo Finance quote (2026-09-24),price 0.725 AUD converted at 0.7029 USD/AUD; report not obtained; market cap not computed: shares outstanding undisclosed
VAL,Valterra Platinum Limited,80.7425,2026-09-25,,,,,,,,,2025,Yahoo Finance quote (2026-09-25),price quoted in ZAc (cents); report not obtained; market cap not computed: shares outstanding undisclosed
VAU,Vault Minerals Limited,4.4634,2026-09-24,,,,,,,,,2026,Yahoo Finance quote (2026-09-24) + FY2026 vau-2026-rr.txt,price 6.35 AUD converted at 0.7029 USD/AUD; no financial statements found; market cap not computed: shares outstanding undisclosed
VGC,Valor Gold Corp.,2.6304,2026-09-25,,,,,,,,,2025,Yahoo Finance quote (2026-09-25),price 3.72 CAD converted at 0.7071 USD/CAD; report not obtained; market cap not computed: shares outstanding undisclosed
VGCX,Victoria Gold Corp.,,,,,,,,,,,2025,,no Yahoo quote: HTTPError: HTTP Error 404: Not Found; report not obtained
VGZ,Vista Gold Corp.,2.75,2026-09-25,,,,,-7499000.0,,13622000.0,,2025,Yahoo Finance quote (2026-09-25) + FY2025 vista-2025-10k.pdf,market cap not computed: shares outstanding undisclosed
VMET,Versamet Royalties Corp.,9.15,2026-09-25,,,,,,,,,2025,Yahoo Finance quote (2026-09-25),no PDF or text file in report folder; market cap not computed: shares outstanding undisclosed
VOLCABC1,Volcan Compañía Minera S.A.A.,,2019-06-28,,,,,,,,,2025,,report not obtained
VOXR,Vox Royalty Corp.,5.44,2026-09-25,371905301.0,68364945,12041000.0,1582000.0,,,8085000.0,,2025,Yahoo Finance quote (2026-09-25) + FY2025 vox-2025-40f.txt,EBITDA figure is operating income (EBITDA undisclosed); market cap computed as price x shares outstanding
VZLA,Vizsla Silver Corp.,3.9527,2026-09-25,1387465501.0,351018130,,,-38685000.0,237355000.0,427310000.0,-189955000.0,2026,Yahoo Finance quote (2026-09-25) + FY2026 vzla-2026-40f.pdf,"price 5.59 CAD converted at 0.7071 USD/CAD; debt: sum of debt line items: Non-current liabilities Convertible notes 237,355; market cap computed as price x shares outstanding"
WAF,West African Resources Limited,2.4742,2026-09-24,,,,,,,,,2025,Yahoo Finance quote (2026-09-24),price 3.52 AUD converted at 0.7029 USD/AUD; report not obtained; market cap not computed: shares outstanding undisclosed
WDO,Wesdome Gold Mines Ltd.,25.8869,2026-09-25,,,,,,,,,2025,Yahoo Finance quote (2026-09-25) + FY2025 wesdome-mda-2025.pdf,price 36.61 CAD converted at 0.7071 USD/CAD; no financial statements found; market cap not computed: shares outstanding undisclosed
WGX,Westgold Resources Limited,3.8378,2026-09-24,,,,,,,,,2026,Yahoo Finance quote (2026-09-24) + FY2026 wgx-june2026.txt,price 5.46 AUD converted at 0.7029 USD/AUD; no financial statements found; market cap not computed: shares outstanding undisclosed
WPM,Wheaton Precious Metals Corp.,142.92,2026-09-25,,,2314600000.0,1581641000.0,1471720000.0,7905000.0,1153593000.0,-1145688000.0,2025,Yahoo Finance quote (2026-09-25) + FY2025 wheaton-2025-mda.pdf,"EBITDA figure is operating income (EBITDA undisclosed); debt: sum of debt line items: Current portion of lease liabilities 575 262; Lease liabilities 7,330 4,909; market cap not computed: shares outstanding undisclosed"
WRLG,West Red Lake Gold Mines Ltd.,0.5657,2026-09-25,,,73141717.0,,354257.0,12471830.0,30007910.0,-17536080.0,2025,Yahoo Finance quote (2026-09-25) + FY2025 wrlg-2025-fs.pdf,"price 0.8 CAD converted at 0.7071 USD/CAD; statements in CAD; FX 0.7071 USD/CAD (Yahoo CADUSD=X=0.7071, 2026-09-25); debt: sum of debt line items: Lease liabilities 6,138 1,400; Lease liabilities 11,500 2,435; market cap not computed: shares outstanding undisclosed"
WRN,Western Copper and Gold Corporation,2.32,2026-09-25,,,,,,,,,2025,Yahoo Finance quote (2026-09-25),no usable text; market cap not computed: shares outstanding undisclosed
2099.HK,China Gold International Resources Corp. Ltd.,28.3815,2026-09-25,11250816931,396413753,1310125000,683991000,472315000,533439000,399402000,134037000,2025,2025 annual results announcement (HKEX/SEDAR),price Yahoo v8 2099.HK (HKD 222.6); fx HKDUSD=X 0.1275 on 2026-09-25; market cap computed = price x shares outstanding (weighted avg common shares); ebitda field = mine operating earnings (company does not disclose EBITDA); total debt = borrowings (curr 217.004M + non-curr 287.981M) + entrusted loan payable 28.454M per MD&A
2899.HK,Zijin Mining Group Company Limited,4.14375,2026-09-25,110181206699,26589733140,52012783345,12234410193,7714821840,24623889000,9121203668,15502685332,2025,Zijin Mining Group 2025 annual report,"price Yahoo v8 2899.HK (HKD 32.5); fx CNYUSD=X 0.149 and HKDUSD=X 0.1275 on 2026-09-25; market cap computed = price x shares outstanding (26,589,733,140 A+H shares); ebitda field = operating profit RMB82.11B (report does not disclose EBITDA); total debt = consolidated interest-bearing liabilities RMB165.261B"
PX.PS,Philex Mining Corporation,0.19456,2026-09-25,1125023549,5782399000,141671680,40271472,14874976,333708080,70554384,263153696,2025,4Q25 press release (24 Feb 2026),"Yahoo has no PSE:PX quote (PX.PS/PX.PH/PHILEX.PS all not found); price PHP 12.16 = stockanalysis.com PSE:PX at close 2026-09-25; fx PHPUSD=X 0.016 on 2026-09-25; market cap computed = price x shares (P1-par capital stock 5,782,399k); total debt = short-term loans 2.410B + current long-term 0.941B + long-term 17.506B PHP; core net income PHP1.071B (reported net income PHP0.930B used)"
PLZL,Polyus PJSC,,,,,,,,,,,2025,,"sanctioned — no accessible quote; Yahoo PLZL.ME quote stale (last trade 2022-07-08); no accessible FY2025 annual report so all numeric fields blank. Company-disclosed public operating figures for context only (not promoted to fields): per polyus.com FY2025 results (Mar 2026): 2025 refined gold 2,528.8 koz (-16% YoY); revenue US$8.7B (+19%); EBITDA US$6.35B; 2026 guidance 2.5-2.6 Moz. Figures flagged unverified — do not use without an accessible primary source."
