mine_name,country,latitude,longitude,confidence,source
"15-Mile (Hudson, Egerton-Maclean, 149 East Zone, Plenty deposit)","Nova Scotia, Canada",,,none,none
15-Mile (Plenty deposit and Seloam Brook prospect),"Nova Scotia, Canada",,,none,none
ABC Project,Côte d'Ivoire,,,none,none
Abercromby Well,Australia,,,none,none
Abujar Gold Mine,Côte d'Ivoire,6.91976,-6.713625,high,nominatim
Ada Tepe,Bulgaria,,,none,none
Adak,Sweden,65.352164,18.597745,medium,nominatim
Afema Gold Project,Côte d'Ivoire,,,none,none
Aga Khan,Australia,,,none,none
AGA Mineração,Brazil,,,none,none
Agbaou,Côte d'Ivoire,6.096394,-5.229655,high,nominatim
Agnew,Australia,-27.995687,120.501161,high,nominatim
Ahafo North,Ghana,7.168837,-2.100249,medium,nominatim
Ahafo South,Ghana,7.181951,-2.028834,medium,nominatim
Aitik,Sweden,67.071166,20.952859,high,nominatim
Akarca,Türkiye,37.567704,35.636228,medium,nominatim
Akasaba West,Canada,,,none,none
Akasaba West,"Val d'Or, Canada",,,none,none
Akerberg,Sweden,65.050162,20.720687,medium,nominatim
Akyem,Ghana,5.251653,-1.979798,medium,nominatim
Aljustrel,Portugal,37.890325,-8.196352,medium,nominatim
Alluvials,Russia,,,none,none
Almas,Brazil,-18.006193,-45.872031,high,nominatim
Alpamarca,Peru,-7.976774,-77.520714,medium,nominatim
Altar,Argentina,-36.784397,-59.875716,medium,nominatim
Amacan Project (AAMRC),Philippines,,,none,none
Amalgamated Kirkland,"Kirkland Lake, Canada",,,none,none
Amulsar,Armenia,,,none,none
Andacollo,Chile,-30.232205,-71.084756,medium,nominatim
Anglo/Zeke,"Nevada, U.S.A.",,,none,none
AntaKori,Peru,,,none,none
Antamina,Peru,-9.553994,-77.047631,high,nominatim
Antapaccay,Peru,-14.947653,-71.379687,medium,nominatim
Anthiby Well,Australia,,,none,none
Apoena (EPP),Brazil,,,none,none
Aranzazu,Mexico,19.359906,-99.149208,medium,nominatim
Arcata,Peru,-14.987053,-72.300612,high,nominatim
Arctic,USA,38.61935,-120.57076,high,nominatim
Arthur (Expanded Silicon),United States,,,none,none
Arthur Gold Project (sold),United States (Nevada),,,none,none
Arthur Gold Project,United States (Nevada),,,none,none
Arthur Gold,United States,38.562257,-121.51118,medium,nominatim
Asanko Gold Mine,Ghana,,,none,none
Ashburton,Australia,-22.130131,116.760872,medium,nominatim
Asientos,Mexico,22.132107,-102.095256,medium,nominatim
Assafou,Côte d'Ivoire,6.734122,-5.047515,medium,nominatim
Atlantic (Touquoy),Canada,,,none,none
ATO,Mongolia,,,none,none
Auramet,United States,,,none,none
Aureus East Mine,"Nova Scotia, Canada",,,none,none
Aurizona,Brazil,-1.274368,-45.770783,medium,nominatim
AurMac,Canada,,,none,none
Aurora,Guyana,7.003474,-58.491774,medium,nominatim
Avino Mine,Mexico,,,none,none
Azuca,Peru,,,none,none
Back Forty,USA,34.997194,-92.042894,medium,nominatim
Back River Gold District,Canada,,,none,none
Bakan Mine (JRBM),Indonesia,,,none,none
Bald Mountain,United States,39.941,-115.541,high,nominatim
Bald Mountain,USA,39.941,-115.541,high,nominatim
Ballarat,Australia,-37.515116,143.854624,high,nominatim
Balya,Türkiye,39.749865,27.579661,medium,nominatim
Bamble,Norway,59.018085,9.544313,medium,nominatim
Bancroft,Canada,45.057077,-77.853713,medium,nominatim
Bankan Gold Project,Guinea,,,none,none
Barabolar Surrounds,Australia,,,none,none
Barberton Mines,South Africa,-25.726314,31.068639,high,nominatim
Barberton Tailings Retreatment Plant (BTRP),South Africa,,,none,none
Barsele,Sweden,65.046247,17.445696,medium,nominatim
Batu Hijau,Indonesia,-8.972755,116.87108,high,nominatim
Beaudoin,"Timmins, Canada",49.535692,-78.611906,medium,nominatim
Bellevue Gold Mine,Australia,,,none,none
Bendigo-Ophir Gold Project,New Zealand,,,none,none
Berenguela,Peru,,,none,none
Beschefer,Canada,49.867055,-78.846128,medium,nominatim
Beta Hunt,Australia,-31.219741,121.678485,high,nominatim
Bibiani,Ghana,6.474773,-2.297905,high,nominatim
Big Island,"Flin Flon, Canada",62.709578,-70.604281,medium,nominatim
Big Springs,Nevada,41.572962,-115.98481,high,nominatim
Bilboes (oxide operation),Zimbabwe,,,none,none
Bint Property,"Timmins, Canada",,,none,none
Birch/Uchi multiple groups,"Canada, Ontario",,,none,none
Biricu,"Guerrero, Mexico",,,none,none
Björkdal Gold Mine,Sweden,,,none,none
Blabarliden,Sweden,65.178576,17.63545,medium,nominatim
Black Fox,Canada,48.530547,-80.327923,high,nominatim
Black Pine,United States,46.448491,-113.369443,high,nominatim
Black Ridge (Carlin East),"Nevada, U.S.A.",,,none,none
Blackwater,Canada,53.173698,-124.863562,high,nominatim
Blackwater,Canada (British Columbia),53.173698,-124.863562,high,nominatim
Blagodatnoye,Russia,,,none,none
Blanket Mine,Zimbabwe,-20.860712,28.909554,high,nominatim
Blyvoor,South Africa,-33.967567,18.541034,medium,nominatim
"BMP (Bonanza Mining Partners), Nicaragua",Nicaragua,,,none,none
Boddington,Australia,-32.759463,116.349386,high,nominatim
Bolanitos,Mexico,21.623866,-103.404863,medium,nominatim
Bolañitos,Mexico,21.623866,-103.404863,medium,nominatim
Boliden Area,Sweden,,,none,none
Bolivar,Bolivia,-18.013341,-66.63559,medium,nominatim
Bomboré,Burkina Faso,12.206035,-0.905316,high,nominatim
Bonikro,Cote d’Ivoire,6.386756,-5.22592,medium,nominatim
Bonikro,Côte d'Ivoire,6.386756,-5.22592,medium,nominatim
Bonikro,Côte d’Ivoire,6.386756,-5.22592,medium,nominatim
Bor (Serbia Zijin Copper),Serbia,,,none,none
Borborema,Brazil,-21.621271,-49.074135,medium,nominatim
Borden,Canada,52.405065,-107.23865,medium,nominatim
Bornite,USA,33.540354,-105.819433,high,nominatim
Bottle Creek,"USA, Nevada",30.980495,-87.924286,medium,nominatim
Boulevard,"Yukon, Canada",49.145846,-122.643752,medium,nominatim
Boumadine,Morocco,,,none,none
Bowdens Silver Project,Australia,,,none,none
Bowdens,Australia,-43.53297,146.95213,medium,nominatim
Bralorne,Canada,50.770566,-122.802251,medium,nominatim
Brauna,Brazil,-21.524851,-42.859781,high,nominatim
"Brazil Operations (Aurizona, Bahia Complex, RDM)",Brazil,,,none,none
Braúna,Brazil,-21.524851,-42.859781,high,nominatim
Brewery Creek,Canada,49.495979,-115.05154,medium,nominatim
Brightstar Alpha,Australia,,,none,none
British Hill Gold Project,Australia,,,none,none
British King,Australia,,,none,none
Broken Hill,Australia,-31.948553,141.485198,high,nominatim
Brooks,"USA, Nevada",41.400561,-75.64321,high,nominatim
Bruce Lake - Pakwash North,"Canada, Ontario",,,none,none
Brucejack,Canada,56.465647,-130.18452,high,nominatim
Buckreef,Tanzania,-3.095407,32.018645,high,nominatim
Bulgera,Australia,,,none,none
Bullabulling Gold Project,Australia,,,none,none
Bullabulling,Australia,-31.040219,120.966717,high,nominatim
Bulong / Myhree,Australia,,,none,none
Bulyanhulu,Tanzania,-3.228028,32.488593,high,nominatim
Bunker Hill,USA,39.117688,-119.675176,high,nominatim
Buriticá,Colombia,6.719853,-75.906871,medium,nominatim
BYP Mine,China (Hunan Province),,,none,none
Caballo Blanco Group,Bolivia,,,none,none
Cabaçal,Brazil,-20.499704,-45.796057,high,nominatim
Cactus,Arizona,34.283908,-113.694656,high,nominatim
Cactus,United States,39.982763,-105.186098,high,nominatim
Cadia,Australia,-33.444806,149.001117,medium,nominatim
Caldera,"Nevada, U.S.A.",40.506357,-105.062304,medium,nominatim
Camflo Mine,"Val d'Or, Canada",,,none,none
Camino Rojo,Mexico,19.30856,-99.168782,medium,nominatim
Campo Morado,Mexico,18.894086,-99.1432,medium,nominatim
Canada exploration royalties (grouped),Canada,,,none,none
Canadian Malartic Complex,Canada,,,none,none
Canadian Malartic,Canada,48.117617,-78.094163,high,nominatim
Candelaria,Chile,-37.473244,-72.48251,medium,nominatim
Cangrejos,Ecuador,-0.158231,-78.438736,medium,nominatim
Canzhuang Gold Mine,China,,,none,none
Cap-Oeste Sur East Mine,"Santa Cruz, Argentina",,,none,none
Capela,Mexico,25.638062,-100.278243,medium,nominatim
Capricho,Peru,-6.746007,-79.866558,medium,nominatim
Carajás,Brazil,-18.930867,-48.249111,high,nominatim
Carangas,Bolivia,-18.383029,-67.799623,medium,nominatim
Cardinia (Lewis deposit),Australia,,,none,none
Cariboo,Canada,52.355087,-122.992791,medium,nominatim
Carlin,United States,39.738599,-105.559999,high,nominatim
Carlota,USA,33.382416,-110.995519,high,nominatim
Carosue Dam,Australia,-30.154689,122.351235,high,nominatim
Casa Berardi,Canada,49.573139,-79.294638,high,nominatim
Casa Berardi,Canada (Quebec),49.573139,-79.294638,high,nominatim
Cascabel,Ecuador,-0.192775,-77.743249,medium,nominatim
Caserones,Chile,-28.153852,-69.787769,medium,nominatim
Casino,Canada,49.056869,-117.655902,medium,nominatim
Castle Hill,Australia,-33.731752,151.006928,medium,nominatim
Castle Mountain (South Dome),California,,,none,none
Castle Mountain,USA,35.281,-115.102,high,nominatim
Cathedral Well,"USA, Nevada",,,none,none
Caylloma,Peru,-15.734092,-71.753621,medium,nominatim
CC&V (Cripple Creek & Victor),United States,,,none,none
Central Plant Reclamation,South Africa,,,none,none
Century,"USA, Idaho",39.73721,-105.603334,high,nominatim
Cerro Bayo Silver-Gold Project,Chile,,,none,none
Cerro Corona,Peru,-6.763723,-78.638815,high,nominatim
Cerro de Oro,Mexico,21.368056,-97.646667,medium,nominatim
Cerro de Pasco - Sulfuros,Peru,,,none,none
Cerro de Pasco - Óxidos,Peru,,,none,none
Cerro Leon Silver-Gold-Lead-Zinc Project,Argentina,,,none,none
Cerro Lindo,Peru,-13.086756,-75.993815,medium,nominatim
Cerro Los Gatos,Mexico,23.69393,-110.110411,medium,nominatim
Cerro Moro,Argentina,-31.672221,-64.478037,medium,nominatim
Cerro Negro,Argentina,-37.111039,-70.71885,high,nominatim
Cerro Vanguardia,Argentina,-48.38646,-68.311142,medium,nominatim
Cerro Verde,Peru,-16.451358,-71.613915,medium,nominatim
CEZinc,Canada,45.23472,-74.108896,medium,nominatim
Challacollo,Chile,-20.960002,-69.345006,medium,nominatim
Challis,USA,44.505132,-114.23137,medium,nominatim
Chapada,Brazil,-21.421371,-45.942485,high,nominatim
Chapi,Peru,-14.628149,-69.3475,medium,nominatim
Chatree,Thailand,16.289555,100.651568,high,nominatim
Chelopech,Bulgaria,,,none,none
Chertovo Koryto,Russia,,,none,none
Chirano,Ghana,6.309138,-2.37411,high,nominatim
Chuangjin,China,,,none,none
Chulbatkan,Russia,,,none,none
Chungar,Peru,-11.121821,-76.532171,medium,nominatim
Cinnamon,Australia,-37.847946,145.246657,medium,nominatim
Ciénega,Mexico,18.046944,-96.988333,medium,nominatim
CK Gold,USA,38.746655,-105.159703,low,nominatim
Cloudkicker,Australia,,,none,none
CMA Underground,Côte d'Ivoire,,,none,none
"CMP (Contract Mining Partners), Colombia",Colombia,,,none,none
CNMC Pulai Project,Malaysia,,,none,none
Cobre Panama,Panama,9.017034,-80.692017,medium,nominatim
Coffee,Canada,,,none,none
Coimolache,Peru,-7.159871,-78.510047,medium,nominatim
Coka Rakita,Serbia,,,none,none
Colbert/Anglo,"Timmins, Canada",,,none,none
Colla Kananchiari,Chile,,,none,none
Colosseum Gold and Rare Earth Element (REE) Project,USA,,,none,none
Comet Gold,Australia,-21.231782,119.72526,high,nominatim
Concheño,Mexico,29.04453,-107.090663,medium,nominatim
Condestable,Peru,-12.697377,-76.591799,high,nominatim
Confederation Lake - Dixie Lake 17-18-19,"Canada, Ontario",,,none,none
Confederation South - Dixie Lake 2,"Canada, Ontario",,,none,none
Confederation South - Dixie Lake 3,"Canada, Ontario",,,none,none
Constancia,Peru,-6.496269,-76.783527,medium,nominatim
Converse,United States (Nevada),38.906097,-107.615057,high,nominatim
Copper King,Canada,56.597004,-130.624289,medium,nominatim
Copper King,"USA, Arizona",36.911129,-119.445779,high,nominatim
Copper Springs,"USA, Arizona",33.673713,-86.440816,medium,nominatim
Copper Warrior,"USA, Utah",,,none,none
Copper World and Rosemont,USA,,,none,none
Copper World,United States,31.86064,-110.767584,high,nominatim
Copperstone,United States,33.8696,-114.295841,high,nominatim
Copperwood,USA,40.005001,-83.164949,medium,nominatim
Corani,Peru,-13.868493,-70.604659,medium,nominatim
Cordero,Mexico,27.23934,-105.612757,medium,nominatim
Cortez,United States,40.14992,-116.592861,high,nominatim
Cosalá Operations,Mexico,,,none,none
Costerfield Mine,Australia,,,none,none
Cotabambas,Peru,-14.0,-72.2,medium,nominatim
Cote Gold,Canada,47.556292,-81.892446,medium,nominatim
Courageous Lake,Canada,64.155425,-111.082459,medium,nominatim
Cowal,Australia,-33.638553,147.386559,high,nominatim
Coyote,Australia,-19.895353,128.830909,high,nominatim
Cozamin,Mexico,,,none,none
Crawford,Australia,-26.493556,151.803529,medium,nominatim
Cripple Creek & Victor (CC&V),United States,,,none,none
Crown Prince Gold Mine,Australia,,,none,none
CSA,Australia,-31.408209,145.800686,high,nominatim
CSH,China (Inner Mongolia),,,none,none
Cuddy Mountain,"USA, Idaho",44.784324,-116.791551,medium,nominatim
Cuiú Cuiú,Brazil (Pará),-5.941881,-56.555628,medium,nominatim
Curlew Basin (Curlew),United States,,,none,none
Curraghinalt,United Kingdom (Northern Ireland),54.724006,-7.102969,medium,nominatim
Côté and Gosselin,"Gogama, Canada",,,none,none
Côté Gold,Canada,47.556292,-81.892446,medium,nominatim
Côté,Canada,51.540093,-63.563698,medium,nominatim
Dairi Prima Mineral,Indonesia,,,none,none
Dalgaranga,Australia,-27.710878,117.217273,high,nominatim
Damang,Ghana,5.514858,-1.839653,high,nominatim
Dandoko,Mali,12.681655,-11.092584,medium,nominatim
Daqinjia Mining,China,,,none,none
Dash Lake,"Canada, Ontario",49.087627,-93.628466,medium,nominatim
Dayingezhuang Gold Mine,China,,,none,none
De Xing,China,22.26428,114.24042,low,nominatim
Deer Trail,United States,48.035164,-118.095534,high,nominatim
Deflector,Australia,-28.667974,116.359151,medium,nominatim
Del Toro,Mexico,19.034853,-96.137076,medium,nominatim
DeLamar,United States,37.461908,-114.768892,high,nominatim
DeSantis Mine,"Timmins, Canada",,,none,none
Detour DNA,"Cochrane, Canada",,,none,none
Detour Lake,Canada,50.014647,-79.727023,high,nominatim
Diablillos,Argentina,-25.306423,-66.801221,medium,nominatim
Diavik,Canada,64.485192,-110.291483,high,nominatim
Didipio,Philippines,16.33514,121.458134,medium,nominatim
Dingo Range,Australia,-29.667758,152.224475,medium,nominatim
Dishui Copper Mine,China,,,none,none
Dixie Halo,"Canada, Ontario",,,none,none
Dolores,Mexico,30.495369,-110.683626,medium,nominatim
Dolphin Tungsten,Australia,-40.05348,144.05988,high,nominatim
Dongfeng Mine,China,,,none,none
Donlin Gold,United States,62.047439,-158.179966,high,nominatim
Doornkop,South Africa,-26.243611,27.806944,medium,nominatim
Doropo Project,Côte d'Ivoire,,,none,none
Doup Project,Indonesia,,,none,none
Dugbe,Liberia,4.98058,-8.677343,medium,nominatim
"Duketon (Garden Well, Rosemont, Moolart Well)",Australia,,,none,none
Duketon,Australia,-32.032851,115.980469,medium,nominatim
Dumont,Canada,48.130404,-69.830556,medium,nominatim
Dundonald,Canada,52.146918,-106.727112,medium,nominatim
Duobaoshan,China (Heilongjiang),,,none,none
Duquesne,Canada,45.052719,-79.616228,medium,nominatim
E&L Nickel Mountain,"Canada, British Columbia",,,none,none
Eagle Gold,Canada,52.757636,-108.270114,medium,nominatim
Eagle River,Canada,47.985916,-85.46148,high,nominatim
Eagle,Canada,64.029544,-135.856003,high,nominatim
Ear Falls,"Canada, Ontario",50.640752,-93.236847,medium,nominatim
Eastmain Gold Project,Canada,,,none,none
Edikan,Ghana,5.958372,-1.931596,medium,nominatim
Edna May Gold Project,Australia,,,none,none
Edna May Hub,Australia,,,none,none
Edwards Mine,"Wawa, Canada",,,none,none
Efemçukuru,Turkey,38.280747,26.968467,medium,nominatim
El Alto,Chile/Argentina,-33.642868,-71.545918,medium,nominatim
El Brocal (Colquijirca),Peru,,,none,none
El Compas,Mexico (Zacatecas),25.691546,-103.380586,medium,nominatim
El Coronel,Mexico,28.853356,-103.543785,medium,nominatim
El Cubo,Mexico,29.227336,-106.928401,medium,nominatim
El Domo (Curipamba),Ecuador,,,none,none
El Domo,Ecuador,-0.231441,-78.398798,medium,nominatim
El Gallo,Mexico,20.189811,-98.618206,medium,nominatim
El Limón,Nicaragua,12.75127,-86.73824,high,nominatim
El Mochito,Honduras,15.802373,-85.935743,medium,nominatim
El Mogote,"Mexico, Durango",28.674606,-106.144268,medium,nominatim
El Molino,,,,none,none
El Peñon,Chile,-23.694075,-70.408373,medium,nominatim
El Pilar,Mexico,22.071787,-101.095406,medium,nominatim
El Realito,"Sonora, Mexico",29.08836,-110.862187,medium,nominatim
El Tigre (Stockwork Zone open pit),Mexico,,,none,none
El Tigre (Underground),Mexico,,,none,none
Elang,Indonesia,1.102215,104.078716,medium,nominatim
Electric Dingo,Australia,,,none,none
Eleonore,Canada,52.702801,-76.069122,high,nominatim
Elephant Head,Canada,53.208826,-128.881248,medium,nominatim
ELG Mine Complex,Mexico,,,none,none
Elikhulu,South Africa,-26.490197,29.084524,medium,nominatim
Endako,Canada,54.036283,-125.111524,high,nominatim
Endeavor Mine,"NSW, Australia",-31.219113,145.628626,high,nominatim
Energy interests,United States/Canada,,,none,none
Era Dorada,Guatemala,,,none,none
Ergo,South Africa,-26.223947,28.067812,medium,nominatim
Erickson Ridge,"USA, Idaho",39.519599,-106.868402,medium,nominatim
Ermitaño,Mexico,19.344381,-99.160686,medium,nominatim
Ermitaño,Mexico (Sonora),19.344381,-99.160686,medium,nominatim
Ernest Henry,Australia,-20.454677,140.718301,high,nominatim
Eskay Creek,Canada,56.630613,-130.42405,medium,nominatim
Eskay Creek,Canada (British Columbia),56.630613,-130.42405,medium,nominatim
Espedalen,Norway,61.268041,5.326279,medium,nominatim
Esperanza,Mexico,18.857237,-97.349929,medium,nominatim
Essakane,Burkina Faso,14.398549,0.026844,high,nominatim
Estrades,Canada,46.006438,-73.413283,medium,nominatim
Evaluation and exploration properties (long tail),Various,,,none,none
Evander Mines (surface sources),South Africa,,,none,none
Evander Mines (underground),South Africa,,,none,none
Exploration properties — other mining (long tail),Various,,,none,none
Exploration properties — precious metals (long tail),Various,,,none,none
Exploration/development properties — energy (long tail),Various,,,none,none
Faina,Brazil,-15.445801,-50.363383,medium,nominatim
Fairchild Lake,"Canada, Ontario",64.976276,-133.771752,medium,nominatim
Far West Gold Recoveries (FWGR),South Africa,,,none,none
Federation Mine,Australia,,,none,none
Federation,Australia,-35.461754,146.229764,medium,nominatim
Fekola,Mali,12.533073,-11.357479,high,nominatim
Fengning Zhaojin,China,,,none,none
Fengningjinlong,China,,,none,none
Fengye Mining,China,,,none,none
Fenix Gold Mine,Chile,,,none,none
Fenix,Chile,-33.570777,-70.65722,medium,nominatim
Fenn Gibb South,"Ontario, Canada",,,none,none
Fernet,"Canada, Quebec",46.08344,-75.363547,medium,nominatim
Fish,Australia,-10.421334,105.674413,medium,nominatim
Fiskeltrask,Sweden,66.202122,22.01707,medium,nominatim
Florida Canyon,United States,40.575572,-118.24529,high,nominatim
Flåt,Norway,58.604881,7.875683,medium,nominatim
Forest Reefs,Australia,-33.454273,149.086696,medium,nominatim
Fort Knox,United States,65.002342,-147.338621,high,nominatim
Fortuity 89,"Nevada, U.S.A.",,,none,none
Fosterville,Australia,-36.716755,144.500491,high,nominatim
Fosterville,"Victoria, Australia",-36.716755,144.500491,high,nominatim
Fourmile,United States,45.767959,-115.615132,high,nominatim
Fox Complex,Canada,46.515031,-80.998229,medium,nominatim
Fresnillo plc (subsidiary),Mexico,,,none,none
Fresnillo,Mexico,23.181128,-102.872907,medium,nominatim
Fruta del Norte,Ecuador,-3.775366,-78.525901,medium,nominatim
Galena Complex,USA,29.80762,-95.176746,medium,nominatim
Gansu Xinrui,China,,,none,none
Garpenberg,Sweden,60.315784,16.198304,medium,nominatim
Garrison Mine,"Kirkland Lake, Canada",,,none,none
Garrison,Canada,49.70926,-54.058571,medium,nominatim
Gaspe Copper,Canada,,,none,none
Gavilanes,Mexico (Durango),22.079764,-104.586132,medium,nominatim
GC Mine (Gaocheng),China (Guangdong Province),,,none,none
Gediktepe Oxide / Sulfide,Türkiye,,,none,none
Geita,Tanzania,-2.821617,32.267423,high,nominatim
Gerry Lake,"Canada, Ontario",48.208861,-80.503033,medium,nominatim
Gibraltar,Canada,52.535028,-122.278465,high,nominatim
Gidginbung,Australia,-34.331667,147.467778,medium,nominatim
Glenburgh Gold Project,Australia,,,none,none
Glen,Australia,-37.628652,143.680096,high,nominatim
Gold Bar Mine Complex,USA,,,none,none
Gold Bar South – Afgan,Nevada,,,none,none
Gold Bar South – Afgan,"USA, Nevada",,,none,none
Gold Quarry,United States,35.498766,-80.330303,medium,nominatim
Gold Ridge,Solomon Islands,,,none,none
Goldboro,Canada,45.18239,-61.652356,medium,nominatim
Golden Brew,"Nevada, U.S.A.",40.040217,-76.724497,medium,nominatim
Golden Chest,USA,40.026931,-105.469441,high,nominatim
Golden Dome,"Nevada, U.S.A.",41.71048,-121.513478,medium,nominatim
Golden Ibex,"USA, Oregon",,,none,none
Golden Queen,United States,34.986917,-118.189798,high,nominatim
Golden Sidewalk,Canada (Ontario),,,none,none
Goldex,Canada,48.091901,-77.864242,high,nominatim
Goldfields Hub (Laverton + Menzies),Australia,,,none,none
Goldfield,United States,33.456607,-111.492458,high,nominatim
Goldlund,Canada,,,none,none
Goldstrike,United States,41.159,-116.056,high,nominatim
Goliath Gold Complex,Canada,,,none,none
Goodfish Kirana,"Kirkland Lake, Canada",,,none,none
Goodpaster - 64 North - East Pogo,"USA, Alaska",,,none,none
Goodpaster - 64 North - West Pogo,"USA, Alaska",,,none,none
Goodpaster - LMS,"USA, Alaska",,,none,none
Goose,Canada,53.296134,-60.40884,medium,nominatim
Gorontalo Minerals,Indonesia,0.54694,123.094151,high,nominatim
Gramalote,Colombia,7.915523,-72.786597,medium,nominatim
Grand Bois & Surrounding Properties,Haiti,,,none,none
Grand Bois,Haiti,18.226109,-71.796689,medium,nominatim
Granite Creek,United States,46.652158,-112.162784,high,nominatim
Granite Creek,USA,46.652158,-112.162784,high,nominatim
Granny Smith,Australia,-28.813077,122.418502,high,nominatim
Grasset,Canada,45.55126,-73.633303,medium,nominatim
Grassy Mountain,USA,35.850122,-82.099561,medium,nominatim
Great Bear,Canada,65.913925,-120.380181,medium,nominatim
Great Cobar,Australia,-31.49815,145.842571,medium,nominatim
Green Dam,Australia,-37.777132,145.22225,medium,nominatim
Green Springs,"Nevada, U.S.A.",41.256165,-83.051583,medium,nominatim
Greens Creek,USA (Alaska),58.081256,-134.645842,high,nominatim
Greenstone,Canada,49.673066,-86.958559,high,nominatim
Greenstone,Canada (Ontario),49.673066,-86.958559,high,nominatim
Gruyere,Australia,-27.994079,123.862567,high,nominatim
Guadalupe-Palmarejo,Mexico,,,none,none
Gualcamayo,Argentina,-29.753361,-68.757882,medium,nominatim
Guanaceví,Mexico,26.043518,-106.114397,medium,nominatim
Gurupi (CentroGold),"Para, Brazil",,,none,none
Głogów Głęboki-Przemysłowy,Poland,,,none,none
Hackett River,Canada (Nunavut),58.256696,-131.791901,medium,nominatim
Haile,United States,34.584576,-80.508889,high,nominatim
Halls Creek / Mt Angelo North 1.5% NSR,Australia,,,none,none
Hammerdown,Canada,,,none,none
Hammond Reef,Canada,,,none,none
Hardshell Skarn,Arizona,,,none,none
Hardshell Skarn,"USA, Arizona",,,none,none
Havieron,Australia,-21.726053,122.634333,medium,nominatim
Hawkins,Canada,54.753911,-94.73505,medium,nominatim
Hemco Property — Panama & Pioneer Mines,Nicaragua,,,none,none
Hemco Property — Porvenir Project,Nicaragua,,,none,none
Hemi,Australia,-35.005847,138.567538,medium,nominatim
Hemlo,Canada,48.683619,-85.984966,medium,nominatim
Henty,Australia,-41.874119,145.551662,high,nominatim
Hera,Australia,-33.774842,150.979647,medium,nominatim
Hermosa (Taylor),USA,,,none,none
Herradura,Mexico,20.600385,-103.223761,medium,nominatim
Hidden Valley,Papua New Guinea,-7.214085,146.526449,medium,nominatim
Higginsville (Dry Creek),Australia,,,none,none
Himmetdede,Türkiye,38.908592,35.083842,medium,nominatim
Hod Maden,Türkiye,40.978281,41.831071,medium,nominatim
Holleton,Australia,-31.922686,119.000663,high,nominatim
Homathko,Canada,50.934529,-124.844126,medium,nominatim
Honghuagou Gold Mine,China,,,none,none
Hope Bay,Canada,68.137743,-106.610122,high,nominatim
Hope Brook,Canada,47.737971,-58.083129,high,nominatim
Horne 5,Canada,43.704912,-79.763392,medium,nominatim
Horseshoe Lights,Australia,-25.540558,118.652164,medium,nominatim
Houndé,Burkina Faso,11.426983,-3.535245,high,nominatim
Hoyle Pond Extension,"Timmins, Canada",,,none,none
Huaron,Peru,-8.890436,-78.150282,medium,nominatim
Hugo North Extension and Heruga,Mongolia,,,none,none
Hunchun Zijin,China (Jilin),,,none,none
Hunter 1-12,"Canada, British Columbia",43.270527,-79.94186,low,nominatim
Hycroft,USA,40.876226,-118.681935,high,nominatim
Iduapriem,Ghana,5.25706,-2.007969,high,nominatim
Impala Bafokeng,South Africa,-25.533735,27.200905,high,nominatim
Independence,"USA, Idaho",47.196509,-120.924804,high,nominatim
Inmaculada,Peru,-11.946347,-77.069135,medium,nominatim
Island Gold District (Island Gold + Magino),Canada,,,none,none
Island Gold District,Canada,,,none,none
Ity,Côte d'Ivoire,6.853084,-8.115551,high,nominatim
Jabal Sayid,Saudi Arabia,23.847949,40.938628,high,nominatim
Jacknife,"USA, Idaho",43.084533,-89.370689,medium,nominatim
Jacobina,Brazil,-11.066676,-40.669169,medium,nominatim
Janet Ivy,Australia,-30.774701,121.36252,high,nominatim
Janice Lake,Canada,51.793273,-123.559701,medium,nominatim
Jasikovo East - Durlan Potok,Serbia,,,none,none
Jasper Hills,Australia,-33.76273,150.980989,medium,nominatim
Jean Lake,"Canada, Ontario",54.832754,-99.755233,medium,nominatim
Jerritt Canyon,USA,41.408797,-115.99064,high,nominatim
Jerritt Canyon,USA (Nevada),41.408797,-115.99064,high,nominatim
Jersey Valley,"Nevada, U.S.A.",34.715921,-101.275133,low,nominatim
Jiama,China (Tibet),,,none,none
Jilau and Taror,Tajikistan,,,none,none
Jinchiling Gold Mine,China,,,none,none
Jintingling Mining,China,,,none,none
Jinwang Mining,China,,,none,none
Jinzhi Mining,China,,,none,none
Joaquin Mine,"Santa Cruz, Argentina",,,none,none
Joaquin Silver-Gold Project,Argentina,,,none,none
Joel,South Africa,-28.743586,24.787086,medium,nominatim
Johnson Camp Mine,United States,,,none,none
Johnson Range Gold Project,Australia,,,none,none
Josemaria,Argentina,-28.434152,-69.547333,high,nominatim
Juanicipio,Mexico,23.131764,-102.949156,high,nominatim
Julcani,Peru,,,none,none
Julong,China (Tibet),,,none,none
Juncal,Chile,-34.161156,-70.704067,medium,nominatim
Jundee,Australia,-26.367372,120.598456,high,nominatim
Kainantu,Papua New Guinea,-6.290775,145.867877,medium,nominatim
Kal East,Australia,,,none,none
Kalgold,South Africa,-26.18058,25.25154,high,nominatim
Kalgoorlie Operations,Australia,,,none,none
Kamoa,Democratic Republic of the Congo,-10.776186,25.258265,high,nominatim
Kangaroo Caves,,,,none,none
Kanmantoo,Australia,-35.088751,138.995172,high,nominatim
Kansanshi,Zambia,-12.156801,26.420204,high,nominatim
Karapınar (Çanakkale),Türkiye,40.001915,26.541404,medium,nominatim
Karlawinda,Australia,-23.773709,120.136098,high,nominatim
Katanning Gold Project,Australia,,,none,none
Kaukua,Finland,,,none,none
Kaymaz (via Türk Altın),Türkiye,,,none,none
Kaymaz,Türkiye,40.92343,30.265496,medium,nominatim
Kaşköy (Kayseri),Türkiye,38.891344,35.050615,medium,nominatim
KCGM,Australia,,,none,none
Kelgold Project,Malaysia,,,none,none
Kelly Well,Australia,,,none,none
Kemess,Canada,57.010333,-126.737504,high,nominatim
Kenbridge,Canada,,,none,none
Keno Hill,Canada (Yukon),63.9,-135.3,medium,nominatim
Kensington,United States,58.864722,-135.081667,high,nominatim
Kensington,USA (Alaska),58.864722,-135.081667,high,nominatim
Kevitsa,Finland,67.696361,26.963144,medium,nominatim
Keystone,USA,44.445198,-114.333122,high,nominatim
Khoemacau,Botswana,-20.634644,23.196964,medium,nominatim
Kiaka,Burkina Faso,,,none,none
Kibali,Democratic Republic of the Congo,3.061271,29.774011,medium,nominatim
Kiena,Canada,48.122692,-77.910228,medium,nominatim
Kings Canyon,"Utah, U.S.A.",40.926919,-106.201965,high,nominatim
Kiniero Gold Mine,Guinea,,,none,none
Kirkland Lake,Canada,48.139936,-80.073413,high,nominatim
Kirkland-Hudson,"Kirkland Lake, Canada",,,none,none
Kisladağ,Turkey,,,none,none
Kitsault Valley (KV) Project (Dolly Varden + Homestake Ridge),Canada,,,none,none
Kittila,Finland,67.914551,25.401552,high,nominatim
Klippen,Sweden,63.37591,17.990284,medium,nominatim
Kolpa,Peru,-4.225132,-69.956628,medium,nominatim
Konak (Konaklı Metal),Türkiye,,,none,none
Koné,Côte d'Ivoire,5.469633,-4.035135,medium,nominatim
Kookynie (Consolidated Gold) A$1/t ore PR (with gold grade Gold,Australia,,,none,none
Kookynie (Melita),Australia,,,none,none
Kookynie (Wolski),Australia,,,none,none
Koolyanobbing (part of Deception & Altair pits),Australia,,,none,none
Koonenberry,"Australia, Queensland",-30.50013,142.29886,medium,nominatim
Korali-Sud,Mali,,,none,none
KSM,Canada,,,none,none
Kudz Ze Kayah (ABM Mine),Canada,,,none,none
Kudz Ze Kayah,Canada,,,none,none
Kukasjarvi,Sweden,66.134112,23.253442,medium,nominatim
Kunanalling,Australia,-30.722501,121.452681,medium,nominatim
Kuranakh,Russia,,,none,none
Kurmuk,Ethiopia,10.55688,34.296067,medium,nominatim
Kusasalethu,South Africa,-26.301119,27.933861,medium,nominatim
Kutcho,Canada,58.180551,-128.497223,medium,nominatim
Kwai,"Canada, Ontario",49.697471,-125.337492,medium,nominatim
Kylylahti,Finland,62.848007,29.335628,medium,nominatim
La Arena,Peru,-5.312805,-80.76852,medium,nominatim
La Cigarra,Mexico (Chihuahua),29.195348,-110.184031,medium,nominatim
La Coipa,Chile,-30.851838,-70.986225,medium,nominatim
La Colorada,Mexico,28.801293,-110.569256,high,nominatim
La Encantada,Mexico,23.904295,-99.795622,medium,nominatim
La Fortuna,"Durango, Mexico",21.550332,-104.947665,medium,nominatim
La Guitarra,Mexico,18.820532,-100.162562,medium,nominatim
La Joya,Mexico,18.889332,-99.124507,medium,nominatim
La Luz,Mexico,25.633537,-103.610131,medium,nominatim
La Miel,Haiti,,,none,none
La Mina,Colombia,6.343805,-76.213579,high,nominatim
La Mine,Haiti,,,none,none
La Parrilla,Mexico,23.748348,-104.110007,medium,nominatim
La Pepa Project,Chile,,,none,none
La Preciosa,Mexico,19.369711,-97.387603,high,nominatim
La Zanja,Peru,-6.835827,-78.918315,medium,nominatim
Lac Pelletier,"Quebec, Canada",49.920493,-107.848656,medium,nominatim
Lac Virot,Canada,52.956835,-67.194659,medium,nominatim
Lafigué,Côte d'Ivoire,8.293206,-4.621657,medium,nominatim
Lake Johnston Processing Facility,Australia,,,none,none
Lamaque Complex,Canada,,,none,none
Lama,Argentina,-26.436536,-65.989403,medium,nominatim
Lang Lake,"Canada, Ontario",51.959644,-121.028234,medium,nominatim
Larder,Canada,48.058276,-79.695113,medium,nominatim
LaRonde Zone 5,Canada,48.256672,-78.416817,medium,nominatim
LaRonde,Canada,48.256672,-78.416817,high,nominatim
Las Animas,Chile,-29.898037,-71.247367,medium,nominatim
Las Chispas,Mexico,30.330949,-110.17067,high,nominatim
Laverton Operations,Australia,,,none,none
Laverton,Australia,-27.93965,125.444893,medium,nominatim
Lawyers-Ranch,Canada,,,none,none
Leeville,Nevada,40.917647,-116.314809,medium,nominatim
Leeville,United States,36.190888,-86.417493,medium,nominatim
Leeville,"USA, Nevada",36.190888,-86.417493,medium,nominatim
Lehman Butte,"USA, Idaho",43.962968,-113.836145,medium,nominatim
Leonora (King of the Hills + Darlot),Australia,,,none,none
Leonora Operations,Australia,,,none,none
Liangdang Zhaojin,China,,,none,none
Libby / Montanore,United States,,,none,none
Lihir,Papua New Guinea,-3.126557,152.636247,high,nominatim
Limpopo (Dwaalkop),South Africa,,,none,none
Limpopo (Messina),South Africa,-22.341773,30.046338,low,nominatim
Lindero,Argentina,-31.438154,-64.218226,medium,nominatim
Linge Mineral Resources,Indonesia,,,none,none
LION Ltd.,Sierra Leone,,,none,none
LIORC (Labrador Iron Ore Royalty),Canada,,,none,none
Lishan Mine,China,,,none,none
Livengood Gold Project,USA,65.502456,-148.517293,medium,nominatim
Lobo-Marte,Chile,,,none,none
Lone Tree,USA,40.825432,-117.2162,high,nominatim
Longlegged Lake,"Canada, Ontario",50.753258,-94.033438,medium,nominatim
Longnan Zijin,China (Gansu),,,none,none
Longxin Mining,China,,,none,none
Lord Byron,Australia,-27.294029,152.999117,medium,nominatim
Los Azules,Argentina,-31.355993,-69.443744,medium,nominatim
Los Filos,Mexico,,,none,none
Los Helados,Chile,-34.403266,-70.475785,medium,nominatim
Los Patos,Venezuela,8.833976,-67.374344,medium,nominatim
Los Ricos South,Mexico,,,none,none
Los Tambos,Peru,-6.798321,-79.835348,medium,nominatim
Loulo-Gounkoto,Mali,,,none,none
Lubin,Poland,53.8701,19.919524,high,nominatim
Lucky 7,"Canada, Ontario",54.495432,-128.472036,medium,nominatim
Lucky Friday,USA (Idaho),47.47081,-115.783167,high,nominatim
Lumwana,Zambia,-12.243872,25.864255,high,nominatim
Lunahuasi,Argentina,,,none,none
Luoyang Kunyu,China (Henan),,,none,none
Lynn Lake (MacLellan)(2),Canada,,,none,none
Lynn Lake (Nickel),Canada,,,none,none
Lynn Lake Project (Manitoba),Canada,,,none,none
Løkken,Norway,62.265045,10.645465,medium,nominatim
M18/Aguas Perdidas,Argentina,,,none,none
Macassa TH,Canada,43.224716,-79.845479,low,nominatim
Macassa,Canada,48.139936,-80.073413,high,nominatim
Maco Gold Mine,Philippines,7.384974,126.033438,medium,nominatim
Macraes,New Zealand,-45.373672,170.463363,high,nominatim
Mactung,Canada,,,none,none
Madsen,Canada,50.966667,-93.916667,medium,nominatim
Magallanes,Chile,-53.352752,-71.554778,medium,nominatim
Maggie Creek South,"USA, Nevada",33.697971,-78.892989,low,nominatim
Maggie Creek,"USA, Nevada",40.808526,-116.210915,high,nominatim
Magino,Canada,,,none,none
Maitland,USA,37.653345,-104.836933,high,nominatim
Mako 11-year gold stream (post-FY2025),Nicaragua,,,none,none
Mako Gold Mine,Senegal,12.847766,-12.432619,high,nominatim
Maligreen,Zimbabwe,,,none,none
Mana,Burkina Faso,11.991841,-3.409396,high,nominatim
Manh Choh,United States,63.189759,-142.893364,high,nominatim
Manitou Project,"Canada, Ontario",,,none,none
Mantos Blancos,Chile,-23.43272,-70.061524,medium,nominatim
Mara Rosa,Brazil,-14.014816,-49.177652,medium,nominatim
Marathon,Canada,48.720935,-86.371598,medium,nominatim
MARA,Argentina,-38.707941,-62.305745,medium,nominatim
Marban,Canada,49.121536,-123.930791,medium,nominatim
Marigold,United States,40.719599,-117.158149,high,nominatim
Marimaca MOD,Chile,,,none,none
Marmato,Colombia,5.475403,-75.598788,medium,nominatim
Marsden,Australia,-27.675547,153.103837,medium,nominatim
María,Mexico,25.696649,-100.241451,medium,nominatim
Masbate,Philippines,12.467971,123.396865,high,nominatim
Masimong,South Africa,-27.645337,27.191722,medium,nominatim
Mason,United States (Nevada),38.587774,-106.351969,high,nominatim
Mastra,Türkiye,,,none,none
Matupá,Brazil,-10.168324,-54.934619,medium,nominatim
Maude Lake,Canada,55.480157,-97.39541,medium,nominatim
McDonough,"Canada, Ontario",50.172257,-87.666894,medium,nominatim
McPhillamys,Australia,,,none,none
McVicar Lake,"Canada, Ontario",51.562935,-91.464926,medium,nominatim
Meadowbank,Canada,65.024699,-96.071168,high,nominatim
Media Luna,Mexico,21.819536,-102.782852,medium,nominatim
Meliadine,Canada,63.030724,-92.219229,high,nominatim
Memot,Cambodia,,,none,none
Mengkham Rare Earth Mine,Laos,,,none,none
Mercedes,Mexico,21.10659,-89.414147,medium,nominatim
Mercedes,Mexico (Sonora),21.10659,-89.414147,medium,nominatim
Merian,Suriname,5.097964,-54.549403,medium,nominatim
Merlin,Australia,-19.0,139.2,medium,nominatim
Meråker,Norway,63.396921,11.812487,medium,nominatim
Mesa Well,"USA, Arizona",35.214511,-108.907662,medium,nominatim
Mesquite,USA,33.056,-114.983,high,nominatim
Metates,Mexico,23.954966,-104.841179,medium,nominatim
Mexico exploration royalties (grouped),Mexico,,,none,none
Meyas Sand,Sudan,,,none,none
Millrose,Australia,-26.39992,120.953643,medium,nominatim
Milo,Australia,-29.281067,115.180335,medium,nominatim
Milpillas,Mexico,20.502067,-102.535247,medium,nominatim
Mine Waste Solutions,South Africa,-26.835859,26.798866,high,nominatim
Minera Florida,Chile,-34.044251,-71.037879,high,nominatim
Mineral Park,United States,39.317489,-106.084186,high,nominatim
Minosa (San Andrés),Honduras,,,none,none
Minxian Tianhao,China,,,none,none
Minyari Gold-Copper-Silver Project,Australia,,,none,none
Mirado Mine,"Kirkland Lake, Canada",,,none,none
Mjövattnet,Sweden,65.85512,22.938555,medium,nominatim
Moab Khotsong,South Africa,,,none,none
Mocoa,Colombia,1.146629,-76.648233,medium,nominatim
Mofjell - Mo-i-Rana,Norway,66.306426,14.141906,medium,nominatim
Mollakara,Türkiye,39.41775,43.584222,medium,nominatim
Montclerg,"Timmins, Canada",,,none,none
Monte do Carmo,Brazil,-10.764746,-48.112181,medium,nominatim
Moonlight (sold),United States (Nevada),,,none,none
Moose Ridge,"USA, Idaho",61.149688,-149.829575,medium,nominatim
Morila Gold Mine,Mali,11.681872,-6.853028,high,nominatim
Moss,Canada,43.678505,-79.34782,medium,nominatim
Moss,United States,39.495481,-117.07259,high,nominatim
Moss,USA,39.495481,-117.07259,high,nominatim
Motapa,Zimbabwe,-19.496034,28.554444,high,nominatim
Mount Cannindah,Australia,-24.926939,151.219915,medium,nominatim
Mount Milligan,Canada,55.123285,-123.998966,high,nominatim
Mount Monger,Australia,-31.013063,121.925905,high,nominatim
Mponeng,South Africa,-26.438043,27.431156,high,nominatim
MSG (Mineração Serra Grande),Brazil,,,none,none
Mt Boppy Gold Project,Australia,,,none,none
Mt Egerton Gold Project,Australia,,,none,none
Mt Gibson,Australia,-17.636111,145.208333,low,nominatim
Mt Ida,Australia,-29.097984,120.464814,medium,nominatim
Mt Magnet Hub,Australia,,,none,none
Mt Monger,Australia,-31.100747,122.034571,high,nominatim
Mt Pleasant,Australia,-30.502046,121.217758,medium,nominatim
Mt Rawdon,Australia,-25.266254,151.759809,medium,nominatim
Mt Samuel,Australia,-27.474871,152.945745,medium,nominatim
Mt Steadman,"Australia, Queensland",-25.456719,151.788071,low,nominatim
Mt Todd,Australia,-14.149775,132.115851,medium,nominatim
MTR Operation,South Africa,,,none,none
Mulatos District,Mexico,,,none,none
Muldoon,"USA, Idaho",37.444656,-108.000026,high,nominatim
Mungari,Australia,-30.860537,121.291693,medium,nominatim
Murchison Gold Project,Australia,,,none,none
Murchison Operations,Australia,,,none,none
Musselwhite,Canada,51.504377,-90.059301,high,nominatim
Mustajärvi,Finland,61.2355,26.979636,medium,nominatim
MWS,South Africa,,,none,none
Nabish Lake,"Canada, Ontario",,,none,none
Naica,Mexico,27.856223,-105.492323,medium,nominatim
Namdini,Ghana,10.652479,-0.660463,high,nominatim
Nampala Gold Mine,Mali,,,none,none
Natalka,Russia,,,none,none
Navidad,Argentina,-38.384324,-62.149926,medium,nominatim
Nechí Alluvial Property,Colombia,,,none,none
Nelligan Mining Complex,Canada,,,none,none
Nevada exploration royalties (grouped),United States (Nevada),,,none,none
Nevada Gold Mines (NGM),United States,,,none,none
Neves-Corvo,Portugal,37.574392,-7.970624,high,nominatim
New Afton,Canada,50.652324,-120.517916,medium,nominatim
New Bore,Australia,-30.806958,143.679353,medium,nominatim
New Luika,"Lupa Goldfields, Tanzania",,,none,none
Niblack,United States,55.066669,-132.147661,medium,nominatim
Nicaragua Operations (El Limon + La Libertad),Nicaragua,,,none,none
Njuggträskliden,Sweden,,,none,none
Noche Buena,Mexico,25.208839,-99.251956,medium,nominatim
Norseman Gold Project,Australia,,,none,none
Norte Abierto,Chile,-35.454569,-71.681889,medium,nominatim
North Amalgamated Kirkland,"Kirkland Lake, Canada",,,none,none
North Central,Haiti,,,none,none
North Island,Canada,58.251737,-103.564059,medium,nominatim
North Lanut Mine (JRBM),Indonesia,,,none,none
North Mara,Tanzania,-1.427438,34.554896,high,nominatim
North Pakwash,"Canada, Ontario",,,none,none
Northeast Mining,China,,,none,none
Northeast,Haiti,,,none,none
Northparkes,Australia,-32.917058,148.088714,medium,nominatim
Northshore West,"Ontario, Canada",46.479353,-80.016674,medium,nominatim
Northwest,Haiti,,,none,none
Norton Gold Fields,Australia,,,none,none
Norton,Australia,-33.835782,151.098247,medium,nominatim
Nottrask,Sweden,66.292463,22.682873,medium,nominatim
NP Placers,"USA, Nevada",,,none,none
Nub East,Canada,50.930687,-115.657867,medium,nominatim
Nueva Esperanza,Chile,-36.518387,-72.054357,medium,nominatim
NuevaUnion,Chile,,,none,none
NWT,Canada,62.427134,-114.419302,medium,nominatim
Nyanzaga,Tanzania,,,none,none
Obuasi,Ghana,6.211542,-1.689404,medium,nominatim
Ocampo,Mexico,19.585665,-100.324093,medium,nominatim
Oijarvi,Finland,65.631967,25.902778,medium,nominatim
Oko West,Guyana,,,none,none
Okvau,Cambodia,12.631385,106.785852,medium,nominatim
Old Highway,Australia,-22.739406,147.634694,high,nominatim
Olimpiada,Russia,,,none,none
Olympias,Greece,,,none,none
Omai (Wenot + Gilt),Guyana,,,none,none
Onças de Pitangui,Brazil,,,none,none
Opawica,Canada,49.460304,-75.302483,medium,nominatim
Ophir,"USA, Utah",46.005204,-112.545301,high,nominatim
Orcopampa,Peru,-15.136051,-72.285578,medium,nominatim
Orion,Mexico,25.738649,-100.22217,medium,nominatim
"Other Europe, Middle East and Africa (long tail)","Europe, Middle East and Africa",,,none,none
Other exploration royalties (grouped),Kenya / Colombia / Argentina,,,none,none
Other interests (grouped),Various,,,none,none
Other mining interests,Various,,,none,none
Other North America (long tail),United States/Canada,,,none,none
Other portfolio interests,Various,,,none,none
Other producing precious metals (long tail),Various,,,none,none
Other royalties,Various,,,none,none
Other royalty interests (long tail),Various,,,none,none
Other South and Central America (long tail),South and Central America,,,none,none
Other stream interests (long tail),Various,,,none,none
Other streams,Various,,,none,none
Otjikoto,Namibia,-19.992341,17.090588,high,nominatim
Otto Bore,Australia,-28.139654,121.016565,medium,nominatim
Ovacık (via Türk Altın),Türkiye,,,none,none
Ovacık,Türkiye,38.055707,34.766951,medium,nominatim
Oyu Tolgoi,Mongolia,43.142485,106.845835,medium,nominatim
Paciência (Santa Isabel),Brazil,,,none,none
Padcal,Philippines,,,none,none
Pakwash Lake,"Canada, Ontario",50.750348,-93.486832,medium,nominatim
Pallancata,Peru,-14.734534,-73.217722,medium,nominatim
Palmarejo,Mexico,21.105097,-103.126628,medium,nominatim
Pandora,South Africa,-25.823643,28.313606,medium,nominatim
Pani Gold Project,Indonesia,,,none,none
Panton,Australia,-26.63985,122.72823,medium,nominatim
Panuco,Mexico,22.080525,-98.232958,medium,nominatim
Pan,United States,37.871296,-114.607444,high,nominatim
Pan,USA,37.871296,-114.607444,high,nominatim
Paracatu,Brazil,-17.217406,-46.870751,high,nominatim
Parks Salyer – Sacaton,USA,,,none,none
Parral,Mexico,31.769282,-106.517309,medium,nominatim
Pascua-Lama,Chile/Argentina,-29.297867,-70.034213,high,nominatim
Paubacken,Sweden,64.813282,17.827927,medium,nominatim
Paulsens (Merlin),Australia,,,none,none
Paulsens,Australia,-22.577829,116.23534,high,nominatim
Peak Mine,Australia,-22.24953,148.192326,high,nominatim
Pedra Branca,Brazil,-5.455674,-39.716629,medium,nominatim
Pelangio Poirier,"Timmins, Canada",,,none,none
Penasquito,Mexico,24.637743,-101.698168,high,nominatim
Penjom Mine (JRGL),Malaysia,,,none,none
Perama Hill,Greece,,,none,none
Phoenix,South Africa,-28.772475,30.742983,high,nominatim
Phoenix,United States,40.518499,-117.1369,high,nominatim
Pickle Crow,Canada,51.5,-90.05,medium,nominatim
Pilar,Brazil,-18.40508,-46.826112,high,nominatim
Pilar,Brazil (Goiás),-18.40508,-46.826112,high,nominatim
Pilbara,Australia,-21.050494,118.897397,high,nominatim
Pilot Mountain,USA,36.385135,-80.467121,medium,nominatim
Pine Point,Canada,60.833333,-114.466667,medium,nominatim
Pine Valley,"Nevada, U.S.A.",32.841841,-116.515087,medium,nominatim
Pinnacle,Canada,49.891072,-97.146755,medium,nominatim
Pinos Altos,Mexico,24.949619,-105.162384,medium,nominatim
Pipestone,"Canada, Ontario",49.66951,-101.145089,medium,nominatim
Pitarrilla,Mexico,23.210585,-106.177239,medium,nominatim
Pitombeiras,Brazil,-4.746385,-41.21131,medium,nominatim
Platreef,South Africa,-24.08278,28.958482,high,nominatim
Plomosas,Mexico,23.071543,-105.468134,medium,nominatim
Plutonic East,Australia,,,none,none
Plutonic Gold Belt,Australia,,,none,none
Poboya Gold Project (CPM),Indonesia,,,none,none
Pogo,USA,64.429917,-144.898471,high,nominatim
Polkowice-Sieroszowice,Poland,,,none,none
Porco,Bolivia,-19.797625,-65.987689,high,nominatim
Porcupine Complex,Canada,,,none,none
Porcupine,Canada,48.494083,-81.167636,medium,nominatim
Porgera,Papua New Guinea,-5.464064,143.092165,high,nominatim
Portage River,"Canada, Quebec",47.255212,-65.801676,medium,nominatim
Prairie Creek,Canada (Northwest Territories),61.553818,-124.798405,high,nominatim
Primavera,Nicaragua,13.484053,-84.788092,medium,nominatim
Pucarana,Peru,,,none,none
Pueblo Viejo,Dominican Republic,18.401708,-70.767701,medium,nominatim
Puna,Argentina,-27.798054,-62.522439,medium,nominatim
Puquios,Chile,-18.174725,-69.74553,medium,nominatim
"Puruni Project (Tiger Creek, Peters Mine, Property B)",Guyana,,,none,none
Pyramid,"Canada, British Columbia",52.355911,-119.166113,medium,nominatim
Qinghe Mining,China,,,none,none
Queensland Gold,"Australia, Queensland",-28.024603,153.432161,medium,nominatim
Queensway,Canada,54.492378,-128.587826,medium,nominatim
Rainy River,Canada,48.820853,-92.699799,medium,nominatim
Rajapalot,Finland,,,none,none
Raygorodok,Kazakhstan,,,none,none
Rebecca-Roe,Australia,,,none,none
Red Chris,Canada,57.720774,-129.778333,high,nominatim
Red Hill,Australia,-21.749436,148.032708,high,nominatim
Red Hill,"Nevada, U.S.A.",33.398959,-89.254964,high,nominatim
Red Lake Gold - Duchess,"Canada, Ontario",,,none,none
Red Lake Gold - Gullrock Lake,"Canada, Ontario",,,none,none
Red Lake Gold - Red Lake,"Canada, Ontario",51.021321,-93.829165,medium,nominatim
Red Lake Gold - Tilly,"Canada, Ontario",,,none,none
Red Lake Gold 1,"Canada, Ontario",,,none,none
Red Lake,Canada,51.059674,-93.726085,high,nominatim
Reko Diq,Pakistan,28.9708,62.4333,medium,nominatim
Relief Canyon,USA,,,none,none
Reliquias,Peru,-8.978826,-74.633735,medium,nominatim
Ren,USA,35.808217,-76.776056,medium,nominatim
Richmond Hill,USA,31.938238,-81.303551,medium,nominatim
Riverina Underground,Australia,,,none,none
Robber Gulch,"USA, Idaho",41.177542,-123.846557,medium,nominatim
Robertson,USA,42.34444,-123.771993,high,nominatim
Robinson,United States,41.131889,-111.387975,high,nominatim
Robinson,USA,41.131889,-111.387975,high,nominatim
Rochester,USA (Nevada),46.939962,-110.730215,high,nominatim
Romina,Peru,-6.474758,-76.369644,high,nominatim
Ronda,"Ontario, Canada",44.779418,-63.357243,medium,nominatim
Rosebel,Suriname,5.088072,-55.219314,high,nominatim
Rosh Pinah,Namibia,-27.959252,16.762884,high,nominatim
Round Dam Open Pit,Australia,,,none,none
Round Mountain,United States,44.390726,-120.328158,high,nominatim
Roça Grande,Brazil,-21.596,-42.974002,high,nominatim
"Ruby Hill, Cove & Granite Creek",United States,,,none,none
Ruby Hill,USA,39.49104,-115.993114,high,nominatim
Rudna,Poland,51.510514,16.263701,high,nominatim
Ruihai Mining,China,,,none,none
Råna,Norway,66.439713,14.394593,medium,nominatim
Sabinas,Mexico,27.942464,-101.072781,medium,nominatim
Sabodala-Massawa,Senegal,13.197987,-12.122057,medium,nominatim
Sabodala,Senegal,13.163302,-12.112849,medium,nominatim
Saddle North,Canada,50.362156,-119.107983,medium,nominatim
Sadiola,Mali,13.890322,-11.667727,high,nominatim
Sagvoll,Norway,60.702366,10.584339,medium,nominatim
Salares Norte,Chile,-26.009873,-68.892406,high,nominatim
Salobo,Brazil,-18.402745,-44.159546,high,nominatim
San Agustin Sulfides,"Mexico, Durango",,,none,none
San Agustin,Mexico,27.619007,-105.810973,medium,nominatim
San Albino district 2% NSR (no value),Nicaragua,,,none,none
San Albino Silver Purchase Agreement,Nicaragua,,,none,none
San Albino Silver Stream,Nicaragua,,,none,none
San Albino,Nicaragua,13.694835,-86.097024,medium,nominatim
San Bartolome,Bolivia,-16.21668,-67.163981,medium,nominatim
San Diego,Mexico,20.255893,-89.363254,medium,nominatim
San Dimas,Mexico,24.11503,-105.740023,medium,nominatim
San Felipe,Mexico,21.478827,-101.215752,medium,nominatim
San Francisco del Oro,Mexico,26.889281,-105.896996,medium,nominatim
San Gabriel,Peru,-14.812569,-73.152697,medium,nominatim
San Guillermo,Chile,-33.866149,-71.770069,medium,nominatim
San Ignacio,Mexico,23.924935,-106.275307,medium,nominatim
San Jose,Mexico,20.14397,-104.100114,medium,nominatim
San José,Argentina,-34.622352,-58.385205,medium,nominatim
San Julián Veins,Mexico,,,none,none
San Lucas Group,Bolivia,,,none,none
San Luis,Peru,-12.072356,-76.995891,medium,nominatim
San Marcial,"Mexico, Sinaloa",25.573262,-108.214752,medium,nominatim
San Martin,Mexico,29.71903,-105.393171,high,nominatim
San Nicolas,Mexico,16.432962,-96.741954,medium,nominatim
San Valentino,Chile,-37.476049,-72.367772,medium,nominatim
San Vicente,Bolivia,-18.16548,-65.537747,medium,nominatim
Sanbrado,Burkina Faso,,,none,none
Sand King Underground,Australia,,,none,none
Sandy Pines/Fly Lake/Joy,"Canada, Ontario",,,none,none
Sangilo Mine (ISRI),Philippines,,,none,none
Santa Elena,Mexico,30.022839,-110.165971,high,nominatim
Santa Gertrudis,"Sonora, Mexico",16.776475,-96.78386,medium,nominatim
Santa Helena,Brazil,-24.859174,-54.332881,medium,nominatim
Santa Rita,Brazil,-7.128465,-34.984619,medium,nominatim
Santana,Mexico,26.61816,-108.128713,medium,nominatim
Santo Domingo,Chile,-33.786375,-71.675625,medium,nominatim
Sasa,North Macedonia,42.114262,22.519314,high,nominatim
Saturday Night,Canada,52.893509,-118.177855,medium,nominatim
Saucito,Mexico,26.976867,-106.077318,medium,nominatim
Savuka,South Africa,-29.706394,30.944667,medium,nominatim
Sawaya'erdun (Xinjiang Zijin Gold),China (Xinjiang),,,none,none
Schaft Creek,Canada,57.334055,-131.080013,medium,nominatim
Seabee,Canada,55.687014,-103.605957,high,nominatim
Second Fortune,Australia,-29.374118,122.435084,high,nominatim
Segovia,Colombia,7.081679,-74.700909,medium,nominatim
Selena,"USA, Nevada",27.518906,-99.504223,medium,nominatim
Sepon Gold and Copper Mine,Laos,,,none,none
Serra Grande,Brazil,-7.21466,-38.371968,medium,nominatim
Seruyung Mine (SPP),Indonesia,,,none,none
Shaakichiuwaanaan,Canada,,,none,none
Shabu,"Canada, Ontario",51.316913,-92.933629,medium,nominatim
Shahuindo,Peru,-6.353403,-79.424586,medium,nominatim
Shanxi Zijin,China (Shanxi),,,none,none
Shuiyindong (Guizhou Zijin),China (Guizhou),,,none,none
Sierra Gorda,Chile,-22.891677,-69.32001,medium,nominatim
Siguiri,Guinea,11.419526,-9.175151,medium,nominatim
Silangan,Philippines,14.741337,121.668058,medium,nominatim
Silver Peak,"USA, Nevada",39.327166,-114.232776,high,nominatim
Silver Sand,Bolivia,-18.93939,-68.625366,medium,nominatim
Silverback,"USA, Idaho",34.097253,-116.956155,medium,nominatim
Simberi (New Simberi Gold),Papua New Guinea,-2.661534,151.995479,high,nominatim
Sinda,Mexico,,,none,none
Sirola Grenfell,"Kirkland Lake, Canada",,,none,none
Sisorta,Türkiye,,,none,none
Sissingué Complex,Côte d'Ivoire,,,none,none
Skogstrask,Sweden,,,none,none
Skouries,Greece,,,none,none
Sleeper,USA,37.760596,-92.592953,medium,nominatim
Sokor Gold Field Project,Malaysia,,,none,none
Soledad-Dipolos,Mexico,,,none,none
Solomon's Pillar,"Greenstone, Canada",,,none,none
Solvik,Sweden,59.635149,18.665775,medium,nominatim
Somincor,Portugal,38.263092,-8.527004,medium,nominatim
Sotkamo Silver Mine (Hopea),Finland,,,none,none
Soto Norte,Colombia,7.405069,-72.988582,medium,nominatim
South Arturo,United States,34.065333,-117.905082,medium,nominatim
South Deep,South Africa,-34.160233,18.429373,medium,nominatim
South Grass Valley,"USA, Nevada",39.207533,-121.061577,medium,nominatim
South Kalgoorlie,Australia,-31.025506,121.610066,high,nominatim
South of Otter,"Canada, Ontario",,,none,none
South Orogrande,"USA, Idaho",32.385693,-106.091189,medium,nominatim
South Railroad,United States,31.41107,-96.574637,medium,nominatim
South Railroad,USA,31.41107,-96.574637,medium,nominatim
Southern Goldfields Operations,Australia,,,none,none
Speed Goat,"USA, Nevada",44.080118,-103.22681,medium,nominatim
Spring Valley (sold),United States (Nevada),,,none,none
Spring Valley,United States,41.241059,-110.706005,high,nominatim
Spring Valley,USA,41.241059,-110.706005,high,nominatim
Springpole,Canada,50.413544,-87.049709,medium,nominatim
St Ives,Australia,-31.401332,121.826633,high,nominatim
St. Ives,Australia,-31.401332,121.826633,high,nominatim
Stawell,Australia,-37.069306,142.806711,high,nominatim
Stibnite Gold Project,United States,,,none,none
Stibnite,United States,44.898241,-115.339276,medium,nominatim
Stillwater,United States,45.388,-109.892,high,nominatim
Stockman,,,,none,none
Storjuktan,Sweden,65.400859,17.091575,medium,nominatim
Stratoni,Greece,,,none,none
Subei Jinying,China,,,none,none
Subika,Ghana,7.001674,-2.363555,medium,nominatim
Sudbury Basin (sold),Canada,,,none,none
Sudbury,Canada,46.49272,-80.991211,medium,nominatim
Sugar Zone,Canada,,,none,none
Sukari,Egypt,,,none,none
Sukhoi Log,Russia,,,none,none
Sulitjelma,Norway,67.132905,16.077378,medium,nominatim
Sulphur Springs,,,,none,none
Suma Heksa Sinergi,Indonesia,,,none,none
Sunrise Dam,Australia,-29.081659,122.416751,high,nominatim
Sunshine,USA,47.501056,-116.070455,high,nominatim
Superior West,"USA, Arizona",41.895371,-87.631569,medium,nominatim
Suyoc Mine (ISRI),Philippines,,,none,none
Swain Lake,"Canada, Ontario",51.282817,-92.637596,medium,nominatim
Swift,"USA, Nevada",30.484826,-82.771521,high,nominatim
Syama Gold Mine,Mali,,,none,none
Szklary / Dabrowka,Poland,,,none,none
São Francisco,Brazil,-15.857587,-44.889757,high,nominatim
São Jorge,Brazil,-18.960517,-48.224862,high,nominatim
Séguéla,Côte d'Ivoire,7.961411,-6.670235,medium,nominatim
T4,Chile,-34.507281,-71.102936,medium,nominatim
Tabakorole,Mali,10.838417,-7.415833,medium,nominatim
Taca Taca,Argentina,-24.518658,-67.704485,medium,nominatim
Tahuehueto,Mexico,24.049062,-104.664092,high,nominatim
Taizhou,China,,,none,none
Taldybulak Levoberezhny (Altynken),Kyrgyzstan,,,none,none
Taldybulak Levoberezhny,Kyrgyzstan,,,none,none
Tamarack,United States,45.713815,-112.661413,high,nominatim
Tambomayo,Peru,-7.094446,-78.309045,medium,nominatim
Tanami,Australia,-19.81,130.32,medium,nominatim
Tara,Ireland,53.301003,-6.214201,medium,nominatim
Target 1,South Africa,-33.966853,25.598098,medium,nominatim
Tarkwa,Ghana,5.318394,-2.013579,high,nominatim
Tartan Lake,Canada,54.85076,-101.733464,medium,nominatim
Tartan Lake,"Canada, Manitoba",54.85076,-101.733464,medium,nominatim
Tasiast,Mauritania,20.585982,-15.476345,high,nominatim
Tayahua,Mexico,22.095806,-102.871228,medium,nominatim
Telfer,Australia,-21.733021,122.210097,high,nominatim
Tennant Mines,Australia,,,none,none
Terronera,Mexico,,,none,none
Thaduna,Australia,-27.986733,119.300419,medium,nominatim
The Trump,Australia,-37.564686,144.721784,medium,nominatim
Thompson Creek,United States,39.317205,-107.305886,high,nominatim
Thunderbox & Bronzewing,Australia,,,none,none
Timber Butte,"USA, Idaho",45.965482,-112.537244,medium,nominatim
Timmins,Canada,48.477473,-81.330414,medium,nominatim
Timok – Corridor Zone (Brestovac West license),Serbia,,,none,none
Timok,Serbia,,,none,none
Tintic (Trixie),United States,,,none,none
Tinto,Australia,-12.291398,136.847285,high,nominatim
Tizapa,Mexico,19.172778,-97.074167,medium,nominatim
Tocantinzinho,Brazil,-14.261283,-47.974416,medium,nominatim
Toega,Burkina Faso,,,none,none
Toka Tindung Gold Mine,Indonesia,1.576574,125.104066,high,nominatim
Tomingley Gold Operations,Australia,,,none,none
Tomtebo,Sweden,63.806167,20.344075,medium,nominatim
Tonghui Mining,China,,,none,none
Tongjin,China,,,none,none
Tongon,Côte d'Ivoire,9.951588,-5.703767,high,nominatim
Tongxin,China,,,none,none
Tonopah West,United States,36.192091,-115.139157,medium,nominatim
Tonopah West,USA,36.192091,-115.139157,medium,nominatim
Topia,Mexico,25.250886,-106.553438,medium,nominatim
Toroparu,Guyana,6.447816,-60.054799,medium,nominatim
Tower Hill,Australia,-38.395883,145.182763,medium,nominatim
Tower Mountain,"Thunder Bay, Canada",48.308887,-90.091138,medium,nominatim
Trab-23,Türkiye,,,none,none
Trapiche,Peru,-14.758195,-69.413469,medium,nominatim
Treaty Creek (Goldstorm Deposit),Canada,,,none,none
Tres Quebradas,Argentina,-33.240257,-69.579455,medium,nominatim
Trident (underground),Australia,,,none,none
Troilus,Canada,51.005459,-74.463005,high,nominatim
Tropicana,Australia,-29.186808,124.5424,high,nominatim
True Blue,Australia,-18.204457,142.24548,high,nominatim
Tshepong North,South Africa,-26.727094,27.01707,medium,nominatim
Tshepong South,South Africa,,,none,none
Turmalina,Brazil,-17.256436,-42.888622,high,nominatim
Turquoise Ridge,United States,33.848302,-111.857954,medium,nominatim
TVZ Zone,"Timmins, Canada",,,none,none
Twin Metals,USA,47.906647,-91.860086,high,nominatim
Tycho Gold Deposit,Australia,,,none,none
Uchucchacua,Peru,,,none,none
Uley,Australia,-34.726394,135.599784,medium,nominatim
Upper Beaver,Canada,44.963037,-62.467971,medium,nominatim
Urasar,Armenia,,,none,none
Vale iron ore royalties,Brazil,,,none,none
Vale Royalties,Brazil,,,none,none
Valenciana,Mexico,24.166435,-103.193958,medium,nominatim
Valentine Gold,Canada,,,none,none
Valentine,Canada,43.189219,-79.397407,medium,nominatim
Valley (Rogue Project),Canada,,,none,none
Valve House,"USA, Idaho",40.356205,-75.870269,medium,nominatim
Vares,Bosnia and Herzegovina,44.163373,18.328537,medium,nominatim
Vareš,Bosnia and Herzegovina,44.163373,18.328537,medium,nominatim
Vatukoula,Fiji,-17.517532,177.855613,high,nominatim
Veladero,Argentina,-29.37512,-69.965879,medium,nominatim
Velardeña,Mexico,25.064881,-103.735438,medium,nominatim
Verninskoye,Russia,,,none,none
Viscaria,Sweden,,,none,none
Vittangi,Sweden,67.678286,21.650188,medium,nominatim
Vizcachitas,Chile,-28.843988,-70.759538,medium,nominatim
Voisey's Bay,Canada,56.255363,-61.947838,medium,nominatim
Volga,Australia,-37.70719,144.940908,medium,nominatim
Vuostok,Sweden,,,none,none
Wafi-Golpu,Papua New Guinea,-6.864598,146.450517,medium,nominatim
Wahgnion,Burkina Faso,10.367969,-5.3953,high,nominatim
Waihi Open Pit,Australia,,,none,none
Waihi Underground,Australia,,,none,none
Waihi,New Zealand,-37.391462,175.840354,medium,nominatim
Walege,China,,,none,none
Warintza,Ecuador,-3.167764,-78.258863,medium,nominatim
Wasamac,Canada,48.20568,-79.199869,medium,nominatim
Wasamac,"Rouyn-Noranda, Canada",48.20568,-79.199869,medium,nominatim
Wassa Gold Mine,Ghana,5.489123,-1.714686,high,nominatim
Wassa,Ghana,5.489123,-1.714686,high,nominatim
Waste rock dumps,South Africa,,,none,none
West Kenya,Kenya,0.380184,34.832334,medium,nominatim
West Kundana,Australia,-30.712866,121.240635,high,nominatim
West Malartic (Chibex South),Canada,,,none,none
West Matachewan,Canada,47.925079,-80.650341,medium,nominatim
West Timmins Extension,"Timmins, Canada",,,none,none
West Wall,Chile,,,none,none
Western Limb,South Africa,,,none,none
Western Queen,Australia,-32.052984,115.747478,medium,nominatim
Westwood,Canada,48.265471,-78.550177,high,nominatim
Wharekirauponga (WKP),New Zealand,,,none,none
Wharf,"South Dakota, U.S.A.",44.349979,-103.838681,high,nominatim
Wharf,United States,44.349979,-103.838681,high,nominatim
Wharf,USA (South Dakota),44.349979,-103.838681,high,nominatim
Whistler,USA,41.853021,-106.251129,high,nominatim
White Pine,USA,46.762169,-89.563487,high,nominatim
Windfall,Canada,50.36483,-122.253046,medium,nominatim
Wollaston,Canada,44.861008,-77.839465,medium,nominatim
Wonawinta Silver Mine,Australia,,,none,none
Wonmunna,Australia,-23.143134,119.002656,high,nominatim
Wudinna,Australia,-32.983317,135.323064,medium,nominatim
Wulong Gold Mine,China,,,none,none
Wyloo North,Australia,,,none,none
Xavantina,Brazil,-27.070236,-52.343109,medium,nominatim
Xiadian Gold Mine,China,,,none,none
Xiangshun,China,,,none,none
Xidengping Gold Mine,China,,,none,none
Xindu,China,,,none,none
Xinzhuang,China,36.682325,113.060768,high,nominatim
Yamarna,Australia,-28.159023,123.669285,medium,nominatim
Yanacocha,Peru,-13.284745,-72.050427,medium,nominatim
Yaouré,Côte d'Ivoire,6.942703,-5.584009,medium,nominatim
Yaramoko,Burkina Faso,11.796714,-3.298895,medium,nominatim
Yarrol,"Australia, Queensland",-24.992507,151.431815,medium,nominatim
Yauli,Peru,-11.534834,-76.070537,medium,nominatim
Yenipazar,Türkiye,37.823293,28.19573,medium,nominatim
Yerington West-Roulette,"USA, Nevada",,,none,none
Yilgarn Star,Australia,,,none,none
Ying Mining District,China (Henan Province),,,none,none
Young-Davidson,Canada,47.950119,-80.685336,high,nominatim
Yuantong Mining,China,,,none,none
Yumpag,Peru,,,none,none
Zacualpan,Mexico,18.714286,-99.79303,medium,nominatim
Zaldívar,Chile,-24.186264,-69.06172,high,nominatim
Zaozigou Gold Mine,China,,,none,none
Zaruma,Ecuador,-3.511194,-79.513174,medium,nominatim
Zeravshan (Jilau and Taror),Tajikistan,,,none,none
Zgounder,Morocco,,,none,none
Zhaojin Baiyun,China,,,none,none
Zhaojin Beijiang,China,,,none,none
Zhaojin Kunhe,China,,,none,none
Zhuanshanzi Gold Mine,China,,,none,none
Zimapan,Mexico,20.762218,-99.38314,medium,nominatim
Zinkgruvan,Sweden,58.815919,15.107474,high,nominatim
Çukuralan (via Türk Altın),Türkiye,,,none,none
Çukuralan,Türkiye,39.79957,43.109538,medium,nominatim
Çöpler,Türkiye,39.449872,38.533695,medium,nominatim
Éléonore,Canada,52.702801,-76.069122,high,nominatim
Öksüt,Türkiye,38.248376,35.467028,medium,nominatim
Özdemir Antimuan (Turhal),Türkiye,,,none,none
Čukaru Peki (Serbia Zijin Mining),Serbia,,,none,none
